,user-id,gender,age,prefLanguage,fruentLanguage
0,2552,,,,
1,2551,,,,
2,2550,Male,40.0,Hindi;,Hindi;
3,2549,Male,32.0,Telugu;,Telugu;
4,2548,,,Telugu;,Telugu;
5,2547,Male,14.0,Hindi;,
6,2546,Male,22.0,Hindi;,Hindi;
7,2545,Female,21.0,Hindi;,Hindi;
8,2544,Male,20.0,Telugu;Hindi;,Telugu;
9,2543,Male,22.0,Hindi;,
10,2542,,,Telugu;Marathi;Hindi;,Marathi;
11,2541,,,,
12,2540,Female,26.0,Hindi;,Hindi;
13,2539,Female,40.0,Telugu;,Telugu;
14,2538,Female,40.0,Telugu;Hindi;Tamil;,Telugu;Tamil;
15,2537,Female,25.0,Hindi;,Hindi;
16,2536,Male,20.0,Telugu;,Telugu;
17,2535,Female,25.0,Telugu;,
18,2534,Male,35.0,Telugu;,Telugu;
19,2533,Female,23.0,Telugu;,
20,2532,Male,19.0,Hindi;,Hindi;
21,2531,Male,21.0,Telugu;,Telugu;
22,2530,Male,19.0,Hindi;,Hindi;
23,2529,Male,26.0,Telugu;,Telugu;
24,2528,Male,45.0,Telugu;Tamil;,Telugu;
25,2527,Female,18.0,Telugu;,Telugu;
26,2526,Female,20.0,Telugu;,
27,2525,Male,29.0,Telugu;,Telugu;
28,2524,Male,22.0,Telugu;,Telugu;
29,2523,Male,28.0,Hindi;,
30,2522,Male,25.0,Hindi;,Hindi;
31,2521,Male,26.0,Hindi;,
32,2520,Male,20.0,Marathi;Hindi;,Marathi;
33,2519,Female,20.0,Hindi;,Hindi;
34,2518,Female,21.0,Marathi;Hindi;,Marathi;Hindi;
35,2517,Female,31.0,Hindi;,Hindi;
36,2516,Male,16.0,Marathi;Hindi;,Marathi;Hindi;
37,2515,Male,53.0,Hindi;,Hindi;
38,2514,Female,19.0,Marathi;,Marathi;
39,2513,Female,19.0,Marathi;Hindi;,Hindi;
40,2512,Male,27.0,Hindi;,Hindi;
41,2511,Male,24.0,Hindi;,Hindi;
42,2510,Female,20.0,Telugu;,Telugu;
43,2509,Male,22.0,Hindi;,Hindi;
44,2508,Male,19.0,Marathi;Hindi;,Marathi;Hindi;
45,2507,Male,20.0,Hindi;,Hindi;
46,2506,Male,17.0,Marathi;Hindi;,Marathi;Hindi;
47,2505,Male,27.0,Hindi;,Hindi;
48,2504,Male,25.0,Hindi;,Hindi;
49,2503,Male,42.0,Telugu;,Telugu;
50,2502,Male,47.0,Telugu;Hindi;,Telugu;
51,2501,Male,25.0,Marathi;Hindi;,Marathi;Hindi;
52,2500,Female,19.0,Tamil;,Tamil;
53,2499,Female,18.0,Hindi;,Hindi;
54,2498,Male,41.0,Telugu;,Telugu;
55,2497,Male,20.0,Hindi;,Hindi;
56,2496,Male,20.0,Telugu;,Telugu;
57,2495,Male,20.0,Hindi;,Hindi;
58,2494,Male,20.0,Hindi;,Hindi;
59,2493,Male,21.0,Hindi;,Hindi;
60,2492,Male,20.0,Hindi;,Hindi;
61,2491,Male,21.0,Hindi;,Hindi;
62,2490,Male,29.0,Hindi;,Hindi;
63,2489,Female,40.0,Tamil;,Tamil;
64,2488,Male,20.0,Hindi;,Hindi;
65,2487,Male,20.0,Marathi;Hindi;,Marathi;Hindi;
66,2486,Male,16.0,Hindi;,Hindi;
67,2485,Male,22.0,Hindi;,Hindi;
68,2484,Male,18.0,Hindi;,Hindi;
69,2483,Female,25.0,Hindi;,Hindi;
70,2482,Female,49.0,Hindi;,Hindi;
71,2481,Male,25.0,Hindi;,Hindi;
72,2480,Female,78.0,Hindi;,Hindi;
73,2479,Female,19.0,Hindi;,Hindi;
74,2478,Male,19.0,Hindi;,Hindi;
75,2477,Male,30.0,Hindi;,Hindi;
76,2476,Male,18.0,Hindi;,Hindi;
77,2475,Male,23.0,Hindi;,Hindi;
78,2474,Male,19.0,Hindi;,Hindi;
79,2473,Male,34.0,Marathi;,Marathi;
80,2472,Male,23.0,Hindi;,Hindi;
81,2471,Male,19.0,Tamil;,Tamil;
82,2470,Male,21.0,Tamil;,Tamil;
83,2469,Male,22.0,Tamil;,Tamil;
84,2468,Male,27.0,Hindi;,Hindi;
85,2467,Male,21.0,Tamil;,Tamil;
86,2466,Male,20.0,Tamil;,Tamil;
87,2465,Male,21.0,Tamil;,Tamil;
88,2464,Male,22.0,Hindi;,Hindi;
89,2463,Male,21.0,Hindi;,Hindi;
90,2462,Male,20.0,Marathi;Hindi;,Marathi;Hindi;
91,2461,Male,19.0,Hindi;,Hindi;
92,2460,Male,22.0,Hindi;,Hindi;
93,2459,,,,
94,2458,Male,21.0,Hindi;,Hindi;
95,2457,Female,17.0,Hindi;,Hindi;
96,2456,Male,17.0,,
97,2455,Female,20.0,Hindi;,Hindi;
98,2454,Female,18.0,Hindi;,Hindi;
99,2453,Male,25.0,Hindi;,Hindi;
100,2452,Female,44.0,Marathi;Hindi;,Marathi;Hindi;
101,2451,Female,38.0,Tamil;,Tamil;
102,2450,Male,33.0,Hindi;,Hindi;
103,2449,Male,21.0,Hindi;,Hindi;
104,2448,Male,45.0,Hindi;,Hindi;
105,2447,Female,45.0,Hindi;,Hindi;
106,2446,Female,17.0,Marathi;,Marathi;
107,2445,Male,34.0,Tamil;,Tamil;
108,2444,Female,18.0,Hindi;,Hindi;
109,2443,Male,35.0,Hindi;,Hindi;
110,2442,Male,20.0,Marathi;,Marathi;
111,2441,Male,19.0,Hindi;,Hindi;
112,2440,,,,
113,2439,Male,26.0,Hindi;,Hindi;
114,2438,Male,22.0,Marathi;Hindi;,Marathi;Hindi;
115,2437,Female,18.0,Marathi;Hindi;,Marathi;Hindi;
116,2436,Female,21.0,Tamil;,
117,2435,Female,20.0,Marathi;Hindi;,Marathi;Hindi;
118,2434,Male,49.0,Marathi;,Marathi;
119,2433,Male,22.0,Hindi;,Hindi;
120,2432,Female,18.0,,
121,2431,Female,19.0,Tamil;,Tamil;
122,2430,Female,19.0,Hindi;,Hindi;
123,2429,Female,23.0,Marathi;Hindi;,Marathi;Hindi;
124,2428,Female,23.0,Marathi;,Marathi;
125,2427,Male,37.0,Hindi;,Hindi;
126,2426,Male,30.0,Hindi;,Hindi;
127,2425,,,Telugu;Marathi;Hindi;,Marathi;
128,2424,Female,58.0,Hindi;,Hindi;
129,2423,,,,
130,2422,,,,
131,2421,Male,21.0,Hindi;,Hindi;
132,2420,,,Hindi;,Hindi;
133,2419,Male,28.0,Marathi;,Marathi;
134,2418,Male,26.0,Telugu;,Telugu;
135,2417,,,,
136,2416,,,,
137,2415,,,Hindi;Tamil;,Tamil;
138,2414,Female,20.0,Tamil;,Tamil;
139,2413,Male,35.0,Marathi;Hindi;,Marathi;Hindi;
140,2412,,,Tamil;,
141,2411,,,Tamil;,Tamil;
142,2410,,,,
143,2409,,,,
144,2408,Female,23.0,Hindi;,Hindi;
145,2407,,,Tamil;,Tamil;
146,2406,Female,25.0,Hindi;,Hindi;
147,2405,,,,
148,2404,,,,
149,2403,,,,
150,2402,,,Tamil;,Tamil;
151,2401,Male,33.0,Hindi;,Hindi;
152,2400,Female,20.0,Tamil;,Tamil;
153,2399,Male,28.0,Hindi;,Hindi;
154,2397,,,,
155,2394,Male,18.0,Telugu;,Telugu;
156,2393,,,Hindi;,Hindi;
157,2392,Male,50.0,Hindi;,
158,2391,Male,33.0,Hindi;,
159,2390,,,,
160,2388,,,,
161,2387,,,,
162,2386,,,,
163,2385,Female,21.0,Hindi;,Hindi;
164,2384,,,Marathi;Hindi;,Marathi;Hindi;
165,2383,Male,32.0,Hindi;,Hindi;
166,2382,,,,
167,2381,,,,
168,2380,,,,
169,2379,,,,
170,2378,Male,19.0,,
171,2377,Male,21.0,Marathi;,
172,2376,Female,20.0,Hindi;Tamil;,Hindi;Tamil;
173,2375,,,,
174,2374,,,,
175,2371,,,,
176,2370,,,,
177,2369,,,,
178,2368,Male,50.0,Hindi;,Hindi;
179,2366,,,,
180,2365,Male,39.0,Hindi;,Hindi;
181,2364,,,Tamil;,Tamil;
182,2363,,,,
183,2362,Male,19.0,Hindi;Tamil;,Hindi;
184,2361,,,,
185,2360,,,,
186,2359,,,,
187,2358,Male,19.0,Tamil;,Tamil;
188,2357,,,,
189,2356,Male,23.0,,
190,2355,Male,18.0,,
191,2354,Male,66.0,Tamil;,Tamil;
192,2353,Female,19.0,Hindi;,Hindi;
193,2352,,,,
194,2351,Female,20.0,Hindi;,Hindi;
195,2350,,,,
196,2349,,,,
197,2348,,,,
198,2347,,,,
199,2346,,,,
200,2345,,,,
201,2344,,,,
202,2343,,,,
203,2342,,,,
204,2341,,,Tamil;,Tamil;
205,2340,,,Tamil;,Tamil;
206,2339,Male,30.0,Tamil;,Tamil;
207,2338,Female,12.0,Tamil;,
208,2337,Male,20.0,Tamil;Telugu;Marathi;Hindi;,Telugu;Marathi;Tamil;Hindi;
209,2336,Male,31.0,Tamil;,Tamil;
210,2335,Female,28.0,Tamil;,Tamil;
211,2334,Female,39.0,Tamil;,Tamil;
212,2333,Female,20.0,Telugu;,Telugu;
213,2332,Male,31.0,Tamil;,Tamil;
214,2331,,,,
215,2330,,,,
216,2329,,,,
217,2328,,,,
218,2327,,,,
219,2326,Male,18.0,Hindi;,Hindi;
220,2325,Male,31.0,,
221,2324,Male,24.0,Hindi;,
222,2323,,,,
223,2322,Male,48.0,Hindi;,Hindi;
224,2321,Male,21.0,Marathi;Hindi;,Hindi;
225,2320,Female,20.0,Marathi;Hindi;,Marathi;Hindi;
226,2319,Male,38.0,Telugu;,
227,2318,,,,
228,2317,Male,35.0,Tamil;,Tamil;
229,2316,,,,
230,2315,,,,
231,2314,Male,20.0,Hindi;,Hindi;
232,2313,Male,23.0,Hindi;,Hindi;
233,2312,Female,12.0,Hindi;,Hindi;
234,2311,,,,
235,2310,,,,
236,2309,Male,18.0,Tamil;Hindi;,Tamil;Hindi;
237,2308,Male,19.0,Marathi;Hindi;,Marathi;
238,2307,Male,19.0,,
239,2306,,,,
240,2305,,,,
241,2304,Female,19.0,Hindi;,Hindi;
242,2303,Female,20.0,Marathi;Hindi;,Marathi;Hindi;
243,2302,Male,40.0,Telugu;,Telugu;
244,2301,Male,21.0,Marathi;Hindi;,Marathi;Hindi;
245,2300,Male,28.0,Telugu;Hindi;Tamil;,Telugu;Tamil;
246,2299,Male,21.0,Hindi;,Hindi;
247,2297,,,Marathi;Hindi;Tamil;,Hindi;Tamil;
248,2296,,,Marathi;,Marathi;
249,2295,Male,21.0,Hindi;,Hindi;
250,2294,Male,19.0,Hindi;,Hindi;
251,2293,Male,20.0,Hindi;,Hindi;
252,2292,Female,20.0,Hindi;,Hindi;
253,2291,Male,18.0,Hindi;,Hindi;
254,2290,Female,20.0,Hindi;,Hindi;
255,2289,Female,19.0,Hindi;,Hindi;
256,2287,,,,
257,2283,,,,
258,2282,,,,
259,2281,,,,
260,2280,,,,
261,2279,,,,
262,2278,Male,20.0,Telugu;,Telugu;
263,2277,,,,
264,2276,,,,
265,2275,Male,19.0,Telugu;,Telugu;
266,2274,Male,19.0,Telugu;,Telugu;
267,2273,Male,36.0,Tamil;,Tamil;
268,2272,Female,20.0,Telugu;,Telugu;
269,2271,,,,
270,2270,,,,
271,2269,Female,21.0,Tamil;,
272,2268,Male,19.0,Hindi;,Hindi;
273,2267,,,,
274,2266,,,Marathi;Hindi;,Marathi;Hindi;
275,2265,Male,20.0,Marathi;Hindi;,Marathi;Hindi;
276,2264,,,,
277,2263,Female,20.0,Marathi;,Marathi;
278,2262,,,Marathi;Hindi;,Marathi;Hindi;
279,2261,Male,20.0,Marathi;Hindi;,Marathi;
280,2260,Male,20.0,Marathi;Hindi;,Marathi;Hindi;
281,2259,Male,21.0,Marathi;,Marathi;
282,2258,Female,21.0,Marathi;,
283,2257,Male,21.0,Marathi;,Marathi;
284,2256,Female,20.0,,
285,2255,,,Hindi;,Hindi;
286,2254,Female,32.0,,
287,2253,,,,
288,2252,,,,
289,2251,Male,19.0,Hindi;,Hindi;
290,2250,Male,20.0,Marathi;Hindi;,Marathi;Hindi;
291,2249,,,,
292,2248,Male,23.0,Marathi;,Marathi;
293,2247,Female,19.0,Marathi;Hindi;,Marathi;
294,2246,Female,23.0,Marathi;,Marathi;
295,2245,Male,19.0,Tamil;,Tamil;
296,2244,Male,20.0,Telugu;,Telugu;
297,2243,Male,19.0,Marathi;Hindi;,Marathi;Hindi;
298,2242,,,,
299,2241,Male,19.0,Hindi;,Hindi;
300,2240,Male,20.0,Hindi;,Hindi;
301,2239,Female,18.0,Hindi;,Hindi;
302,2238,Female,18.0,Marathi;Hindi;,Marathi;Hindi;
303,2237,Male,19.0,Tamil;,Tamil;
304,2236,,,,
305,2235,,,,
306,2234,Female,19.0,Telugu;,Telugu;
307,2233,Female,20.0,Hindi;Tamil;,Hindi;Tamil;
308,2232,,,,
309,2231,Female,19.0,Marathi;Hindi;,Hindi;
310,2228,,,,
311,2227,Male,19.0,Hindi;,Hindi;
312,2224,,,Marathi;Hindi;,Marathi;Hindi;
313,2223,,,,
314,2222,,,,
315,2221,Male,19.0,Marathi;Hindi;,Marathi;Hindi;
316,2220,Male,18.0,Tamil;,Tamil;
317,2219,Male,19.0,Telugu;Marathi;Hindi;,Telugu;Marathi;Hindi;
318,2218,,,,
319,2217,,,,
320,2216,Male,20.0,Hindi;,Hindi;
321,2215,Female,20.0,Marathi;Hindi;,Marathi;Hindi;
322,2214,Female,38.0,Tamil;,Tamil;
323,2213,Male,38.0,Tamil;,Tamil;
324,2212,Female,21.0,,
325,2211,Male,18.0,Hindi;,Hindi;
326,2210,Male,20.0,Telugu;,Telugu;
327,2209,,,,
328,2208,Female,24.0,Hindi;,Hindi;
329,2207,Female,24.0,,
330,2206,Female,28.0,Hindi;,Hindi;
331,2205,,,,
332,2204,Male,19.0,Tamil;,Tamil;
333,2203,Female,19.0,Tamil;,Tamil;
334,2202,Male,19.0,Telugu;,Telugu;
335,2201,Female,42.0,Tamil;,Tamil;
336,2199,,,,
337,2198,Male,19.0,Hindi;,Hindi;
338,2197,Male,24.0,Marathi;Hindi;,Marathi;Hindi;
339,2196,Male,28.0,Hindi;,Hindi;
340,2195,Female,32.0,,
341,2194,Female,20.0,Telugu;,Telugu;
342,2193,,,Hindi;,
343,2192,Female,19.0,Telugu;Hindi;,Telugu;
344,2191,Male,23.0,Marathi;Hindi;,Marathi;Hindi;
345,2190,,,,
346,2189,Female,21.0,Marathi;Hindi;,Marathi;Hindi;
347,2188,Male,40.0,Telugu;,Telugu;
348,2187,,,,
349,2186,Male,18.0,Hindi;,Hindi;
350,2185,Male,18.0,Tamil;,Tamil;
351,2184,Male,43.0,Hindi;,Hindi;
352,2183,Male,20.0,Marathi;Hindi;,Hindi;
353,2182,Male,20.0,Hindi;,Hindi;
354,2181,Female,20.0,Tamil;,Tamil;
355,2180,Male,29.0,Hindi;,Hindi;
356,2179,Male,19.0,Telugu;Hindi;,Telugu;Hindi;
357,2178,Male,19.0,Marathi;Hindi;,Marathi;Hindi;
358,2177,Male,20.0,Hindi;,Hindi;
359,2176,,,Telugu;Hindi;,Telugu;Hindi;
360,2175,Female,21.0,Marathi;,Marathi;
361,2174,Male,18.0,Marathi;Hindi;,Hindi;
362,2173,Male,19.0,Marathi;Hindi;,Marathi;Hindi;
363,2172,Male,18.0,Hindi;,
364,2171,,,,
365,2170,,,,
366,2169,Female,20.0,Telugu;,Telugu;
367,2168,Male,18.0,,
368,2167,,,,
369,2166,Male,20.0,Hindi;,Hindi;
370,2165,Male,38.0,Hindi;,Hindi;
371,2164,Male,18.0,Marathi;,Marathi;
372,2163,Female,20.0,Hindi;Marathi;,Hindi;Marathi;
373,2162,,,,
374,2161,,,,
375,2160,Female,19.0,Marathi;,Marathi;
376,2159,,,,
377,2158,Female,39.0,Marathi;Hindi;,Marathi;Hindi;
378,2157,Male,18.0,Marathi;Hindi;,Marathi;Hindi;
379,2156,Male,25.0,,
380,2155,Male,41.0,Hindi;,Hindi;
381,2154,Female,20.0,Tamil;Hindi;,Tamil;
382,2153,Male,20.0,Hindi;,Hindi;
383,2152,Female,20.0,Marathi;,Marathi;
384,2151,Female,20.0,Marathi;,Marathi;
385,2150,Female,20.0,Marathi;,Marathi;
386,2149,Male,18.0,Telugu;Hindi;,Telugu;Hindi;
387,2148,Male,21.0,Hindi;,Hindi;
388,2147,Male,18.0,Tamil;,Tamil;
389,2146,,,,
390,2145,Male,32.0,Tamil;,Tamil;
391,2144,Male,20.0,Tamil;,Tamil;
392,2143,Male,19.0,Hindi;,Hindi;
393,2142,Male,29.0,Tamil;,Tamil;
394,2141,Male,34.0,Hindi;,Hindi;
395,2140,Male,33.0,Tamil;,Tamil;
396,2139,Female,18.0,Hindi;,
397,2138,Male,28.0,Marathi;,Marathi;
398,2137,,,,
399,2136,Male,18.0,Tamil;,Tamil;
400,2135,Female,20.0,Marathi;Hindi;,Marathi;Hindi;
401,2134,Male,20.0,Marathi;,Marathi;
402,2133,Male,30.0,Tamil;,Tamil;
403,2132,Male,25.0,Hindi;,Hindi;
404,2129,,,,
405,2128,,,,
406,2127,,,,
407,2126,Male,21.0,Marathi;Hindi;,Marathi;
408,2125,Male,29.0,Hindi;,Hindi;
409,2124,,,,
410,2123,,,,
411,2122,,,,
412,2121,,,,
413,2120,,,,
414,2119,Female,20.0,Marathi;Hindi;,Marathi;Hindi;
415,2118,Male,17.0,Hindi;,Hindi;
416,2117,,,,
417,2116,Male,42.0,Hindi;,Hindi;
418,2115,,,,
419,2114,Male,37.0,Marathi;,Marathi;
420,2113,Male,36.0,Hindi;,Hindi;
421,2112,Male,22.0,Telugu;,Telugu;
422,2111,Male,19.0,Marathi;,Marathi;
423,2110,Male,28.0,Marathi;,
424,2109,,,,
425,2108,Male,21.0,Hindi;,Hindi;
426,2107,,,,
427,2106,,,,
428,2105,Female,20.0,Marathi;Hindi;,Marathi;
429,2104,,,,
430,2103,,,,
431,2102,Female,19.0,Marathi;Hindi;,Hindi;
432,2101,Male,23.0,Telugu;,Telugu;
433,2100,Male,24.0,Marathi;,Marathi;
434,2099,,,,
435,2098,,,,
436,2097,,,,
437,2096,,,,
438,2095,,,,
439,2094,Female,19.0,Tamil;,Tamil;
440,2093,,,,
441,2092,,,,
442,2091,Male,34.0,Telugu;,Telugu;
443,2090,Male,29.0,Hindi;,Hindi;
444,2089,,,,
445,2088,Male,18.0,Telugu;,
446,2087,Male,33.0,,
447,2086,Male,23.0,Hindi;,Hindi;
448,2085,,,,
449,2084,,,,
450,2083,,,,
451,2082,,,,
452,2081,,,,
453,2080,Male,20.0,Hindi;,Hindi;
454,2079,,,,
455,2078,,,,
456,2077,Male,19.0,Hindi;,Hindi;
457,2076,Female,21.0,Hindi;,Hindi;
458,2075,,,,
459,2074,,,,
460,2073,Male,20.0,Telugu;Marathi;Tamil;Hindi;,Telugu;Marathi;Tamil;Hindi;
461,2072,Female,40.0,Tamil;,Tamil;
462,2071,,,,
463,2070,,,,
464,2069,,,,
465,2068,Female,21.0,Hindi;,Hindi;
466,2067,,,,
467,2066,Male,26.0,Tamil;,Tamil;
468,2065,Male,21.0,Hindi;,Hindi;
469,2064,,,Marathi;Hindi;,Marathi;Hindi;
470,2063,Male,47.0,Marathi;,Marathi;
471,2062,Female,32.0,Hindi;,Hindi;
472,2061,,,,
473,2060,,,,
474,2059,,,,
475,2058,,,,
476,2057,Male,21.0,Hindi;,Hindi;
477,2056,,,,
478,2055,Male,33.0,Telugu;,Telugu;
479,2054,Male,20.0,Telugu;,Telugu;
480,2053,Female,21.0,Marathi;Hindi;,Marathi;Hindi;
481,2052,,,,
482,2051,,,,
483,2050,Male,45.0,Marathi;,Marathi;
484,2049,,,,
485,2048,Female,40.0,Tamil;,Tamil;
486,2047,Male,40.0,Tamil;,Tamil;
487,2046,Male,39.0,Hindi;,Hindi;
488,2045,Male,18.0,Tamil;,Tamil;
489,2044,,,,
490,2043,Female,21.0,Marathi;,Marathi;
491,2042,Male,20.0,Marathi;Hindi;,Marathi;Hindi;
492,2041,Male,21.0,Marathi;Hindi;,Marathi;Hindi;
493,2040,,,,
494,2039,,,,
495,2038,,,,
496,2037,Male,24.0,Hindi;,Hindi;
497,2036,,,,
498,2035,,,,
499,2034,,,,
500,2033,Female,30.0,Telugu;,
501,2032,,,,
502,2031,,,,
503,2030,Female,25.0,Marathi;Hindi;,Hindi;
504,2029,,,,
505,2028,,,,
506,2027,Male,21.0,Marathi;Hindi;,Hindi;
507,2026,Male,20.0,Marathi;Hindi;,Marathi;Hindi;
508,2025,,,,
509,2024,Female,24.0,,
510,2023,Male,18.0,Tamil;,Tamil;
511,2022,Female,19.0,Marathi;,Marathi;
512,2021,Male,26.0,Tamil;,Tamil;
513,2020,Female,39.0,Tamil;,Tamil;
514,2019,,,,
515,2018,Male,35.0,Tamil;Telugu;Marathi;Hindi;,Telugu;Marathi;Tamil;Hindi;
516,2017,,,,
517,2016,Male,21.0,Marathi;Hindi;,Hindi;
518,2015,Male,21.0,Telugu;,Telugu;
519,2014,,,,
520,2013,Male,36.0,Marathi;Hindi;,Marathi;
521,2012,,,,
522,2011,Female,21.0,Hindi;,Hindi;
523,2010,Male,22.0,Marathi;Hindi;,Marathi;Hindi;
524,2009,Female,29.0,Tamil;,Tamil;
525,2008,Male,18.0,Hindi;,Hindi;
526,2007,,,,
527,2006,,,,
528,2005,Female,20.0,Marathi;,Marathi;
529,2004,Female,20.0,Marathi;,Marathi;
530,2003,Male,18.0,Tamil;,Tamil;
531,2002,Female,19.0,Telugu;Tamil;,Telugu;Tamil;
532,2001,Male,34.0,Hindi;,Hindi;
533,2000,Male,28.0,Hindi;,Hindi;
534,1999,,,,
535,1998,,,,
536,1997,Male,25.0,Hindi;,Hindi;
537,1996,,,,
538,1995,Male,19.0,Hindi;,Hindi;
539,1994,Male,23.0,Hindi;,Hindi;
540,1993,Female,39.0,Marathi;,Marathi;
541,1992,,,,
542,1991,Male,19.0,Marathi;,Marathi;
543,1990,Male,20.0,Tamil;,Tamil;
544,1989,Female,26.0,Telugu;Marathi;Hindi;,Telugu;Marathi;Hindi;
545,1988,Male,18.0,Tamil;,Tamil;
546,1987,Female,29.0,Marathi;Hindi;,Marathi;
547,1986,,,,
548,1985,,,,
549,1984,Female,22.0,Marathi;,Marathi;
550,1983,,,,
551,1982,,,,
552,1981,,,,
553,1980,,,,
554,1979,Female,24.0,Hindi;,Hindi;
555,1978,Female,37.0,Marathi;,Marathi;
556,1977,Female,20.0,Hindi;Tamil;,Tamil;
557,1976,,,,
558,1975,,,,
559,1974,Male,21.0,Hindi;,Hindi;
560,1973,,,,
561,1972,Female,20.0,Marathi;,Marathi;
562,1971,,,,
563,1970,Female,18.0,Hindi;,
564,1969,Male,17.0,Tamil;,Tamil;
565,1968,,,,
566,1967,,,,
567,1966,Male,20.0,Telugu;,Telugu;
568,1965,,,,
569,1964,,,,
570,1963,Female,19.0,Hindi;,Hindi;
571,1962,Female,18.0,Telugu;Marathi;Tamil;Hindi;,Tamil;
572,1961,Male,18.0,Tamil;,Tamil;
573,1960,Male,20.0,Telugu;Tamil;,Telugu;Tamil;
574,1959,Female,21.0,Marathi;Hindi;,Hindi;
575,1958,,,,
576,1957,Male,18.0,Tamil;,Tamil;
577,1956,Male,18.0,Tamil;,Tamil;
578,1955,,,,
579,1954,,,,
580,1953,Female,20.0,Marathi;,Marathi;
581,1952,,,,
582,1951,Female,18.0,Hindi;,Hindi;
583,1950,,,,
584,1949,,,,
585,1948,,,,
586,1947,Male,18.0,Tamil;,Tamil;
587,1946,,,,
588,1945,,,,
589,1944,,,,
590,1943,,,,
591,1942,Male,32.0,Marathi;Hindi;,Marathi;Hindi;
592,1941,Male,19.0,Telugu;,Telugu;
593,1940,,,,
594,1939,Female,20.0,Marathi;,
595,1938,,,,
596,1937,Female,19.0,Hindi;,Hindi;
597,1936,,,,
598,1935,,,,
599,1934,Male,18.0,Tamil;,Tamil;
600,1933,,,,
601,1932,Male,19.0,Tamil;,Tamil;
602,1931,Male,17.0,Tamil;,Tamil;
603,1930,,,,
604,1929,Male,27.0,Hindi;,Hindi;
605,1928,Female,18.0,Hindi;,Hindi;
606,1927,Female,21.0,Marathi;Hindi;,Marathi;Hindi;
607,1926,Male,35.0,Marathi;,Marathi;
608,1925,Male,35.0,Telugu;Marathi;Hindi;,Telugu;Hindi;
609,1924,Female,33.0,Tamil;,Tamil;
610,1923,Male,20.0,Marathi;Hindi;,Marathi;Hindi;
611,1922,Male,18.0,Hindi;,Hindi;
612,1921,,,,
613,1920,,,,
614,1919,,,,
615,1918,,,,
616,1917,Male,19.0,Marathi;Hindi;,Marathi;Hindi;
617,1916,,,,
618,1915,Female,23.0,Marathi;Hindi;,Marathi;Hindi;
619,1914,Male,20.0,Marathi;,Marathi;
620,1913,,,,
621,1912,Female,20.0,Marathi;Hindi;,Marathi;
622,1911,Male,36.0,Hindi;,Hindi;
623,1910,Male,20.0,,
624,1909,Male,19.0,Hindi;,Hindi;
625,1908,,,,
626,1907,,,,
627,1906,,,,
628,1905,Male,21.0,Marathi;Hindi;,Marathi;
629,1904,,,,
630,1903,Male,42.0,Tamil;,Tamil;
631,1902,Female,18.0,Hindi;Marathi;,Hindi;Marathi;
632,1901,Male,40.0,Marathi;,Marathi;
633,1900,,,,
634,1899,Male,19.0,Marathi;Hindi;,Marathi;
635,1898,Female,21.0,Marathi;,Marathi;
636,1897,Female,22.0,Marathi;Hindi;,Marathi;
637,1896,,,,
638,1895,Male,31.0,Hindi;,Hindi;
639,1894,,,,
640,1893,Male,20.0,Marathi;Hindi;Tamil;,Marathi;Hindi;Tamil;
641,1892,Male,34.0,Tamil;,
642,1891,,,,
643,1890,Male,21.0,Telugu;Hindi;,Telugu;
644,1889,,,,
645,1888,,,,
646,1887,,,,
647,1886,Male,21.0,Hindi;,Hindi;
648,1885,Male,32.0,Hindi;,Hindi;
649,1884,Male,26.0,Marathi;Hindi;,Marathi;Hindi;
650,1883,Male,21.0,Hindi;,Hindi;
651,1882,Female,21.0,Hindi;,Hindi;
652,1881,Male,18.0,Hindi;,Hindi;
653,1880,,,,
654,1879,Male,20.0,Hindi;,Hindi;
655,1878,,,,
656,1877,Female,20.0,Hindi;,Hindi;
657,1876,,,,
658,1875,Female,46.0,Marathi;,Marathi;
659,1874,Female,20.0,Hindi;,Hindi;
660,1873,Female,19.0,Marathi;,Marathi;
661,1872,Male,21.0,Hindi;,Hindi;
662,1871,,,,
663,1870,Male,20.0,Hindi;,Hindi;
664,1869,Female,20.0,Telugu;,Telugu;
665,1868,,,,
666,1867,,,,
667,1866,,,,
668,1865,,,,
669,1864,Female,20.0,Telugu;,Telugu;
670,1863,Female,20.0,Marathi;Hindi;,Marathi;
671,1862,,,,
672,1861,Male,31.0,Marathi;,Marathi;
673,1860,,,,
674,1859,,,,
675,1858,Male,20.0,Hindi;,Hindi;
676,1857,,,,
677,1856,Male,18.0,Hindi;,Hindi;
678,1855,Male,31.0,Hindi;,Hindi;
679,1854,Female,19.0,Hindi;,Hindi;
680,1853,,,,
681,1852,Male,19.0,Marathi;Hindi;,Hindi;
682,1851,Male,24.0,Hindi;,Hindi;
683,1850,,,,
684,1849,Female,18.0,Hindi;,Hindi;
685,1848,Male,25.0,Marathi;Hindi;,Marathi;
686,1847,,,,
687,1846,Male,19.0,Hindi;,Hindi;
688,1845,Female,20.0,Tamil;,Tamil;
689,1844,,,,
690,1843,,,,
691,1842,,,,
692,1841,,,,
693,1840,,,,
694,1839,Female,21.0,Hindi;,Hindi;
695,1838,Male,28.0,Hindi;,Hindi;
696,1837,Female,19.0,Tamil;,Tamil;
697,1836,,,,
698,1835,Male,21.0,Marathi;Hindi;,Marathi;Hindi;
699,1834,,,,
700,1833,,,,
701,1832,Male,22.0,Marathi;Hindi;,Marathi;
702,1831,,,,
703,1830,Female,38.0,Tamil;,Tamil;
704,1829,,,,
705,1828,Female,19.0,Hindi;,Hindi;
706,1827,Female,20.0,Tamil;,Tamil;
707,1826,Male,20.0,Marathi;Hindi;,Marathi;Hindi;
708,1825,,,,
709,1824,Female,22.0,Hindi;Marathi;,Marathi;Hindi;
710,1823,,,,
711,1822,Female,19.0,Tamil;,Tamil;
712,1821,Male,20.0,Telugu;Hindi;,Hindi;
713,1820,,,,
714,1819,,,,
715,1818,,,,
716,1817,,,,
717,1816,Male,20.0,Hindi;Marathi;,Marathi;
718,1815,Male,24.0,Hindi;,Hindi;
719,1814,,,,
720,1813,Female,18.0,Hindi;,Hindi;
721,1812,,,,
722,1811,Female,18.0,Marathi;Hindi;,Marathi;
723,1810,,,,
724,1809,Male,22.0,Marathi;,Marathi;
725,1808,Female,20.0,Marathi;Hindi;,Marathi;Hindi;
726,1807,,,,
727,1806,,,,
728,1805,,,,
729,1804,Male,20.0,Hindi;,Hindi;
730,1803,Female,20.0,Marathi;Hindi;,Marathi;Hindi;
731,1802,Female,22.0,Hindi;,Hindi;
732,1801,Female,20.0,Marathi;Hindi;,Marathi;
733,1800,,,,
734,1799,Female,20.0,Telugu;,Telugu;
735,1798,,,,
736,1797,,,,
737,1796,Male,21.0,Tamil;,Tamil;
738,1795,,,,
739,1794,,,,
740,1793,,,,
741,1792,Male,31.0,Telugu;,Telugu;
742,1791,Male,32.0,Telugu;,Telugu;
743,1790,Male,19.0,Telugu;,Telugu;
744,1789,Female,20.0,Hindi;,Hindi;
745,1788,,,,
746,1787,,,,
747,1786,Female,20.0,Hindi;Tamil;,Hindi;Tamil;
748,1785,Male,19.0,Marathi;,Marathi;
749,1784,Male,19.0,Marathi;Hindi;,Marathi;Hindi;
750,1783,,,,
751,1782,,,,
752,1781,Male,19.0,Marathi;,Marathi;
753,1780,,,,
754,1779,,,,
755,1778,,,,
756,1777,,,,
757,1776,Male,19.0,Marathi;,Marathi;
758,1775,Male,19.0,Marathi;,Marathi;
759,1774,,,,
760,1773,,,,
761,1772,Male,22.0,Marathi;Hindi;,Marathi;
762,1771,Female,19.0,Telugu;Hindi;,Telugu;
763,1770,Male,20.0,Marathi;,Marathi;
764,1769,,,,
765,1768,,,,
766,1767,Male,19.0,Hindi;,Hindi;
767,1766,Male,18.0,Hindi;,Hindi;
768,1765,Male,24.0,Telugu;Hindi;,Telugu;Hindi;
769,1764,Male,21.0,Hindi;,Hindi;
770,1763,Male,40.0,Hindi;,Hindi;
771,1762,Male,21.0,Marathi;,Marathi;
772,1761,Male,18.0,Hindi;,Hindi;
773,1760,Female,20.0,Marathi;Hindi;,Marathi;
774,1759,,,,
775,1758,Male,21.0,Hindi;,Hindi;
776,1757,Female,20.0,Marathi;,Marathi;
777,1756,Female,20.0,Marathi;,Marathi;
778,1755,Female,20.0,Marathi;,Marathi;
779,1754,,,,
780,1753,,,,
781,1752,Female,20.0,Marathi;,Marathi;
782,1751,Male,20.0,Marathi;,Marathi;
783,1750,Female,29.0,Marathi;,Marathi;
784,1749,Female,23.0,Hindi;,Hindi;
785,1748,,,,
786,1747,Female,20.0,Marathi;,Marathi;
787,1746,,,,
788,1745,,,,
789,1744,,,,
790,1743,,,,
791,1742,,,,
792,1741,,,,
793,1740,,,,
794,1739,,,,
795,1738,Female,20.0,Marathi;,Marathi;
796,1737,,,,
797,1736,,,,
798,1735,Female,20.0,Telugu;Hindi;,Telugu;
799,1734,,,,
800,1733,,,,
801,1732,,,,
802,1731,Female,26.0,Hindi;,Hindi;
803,1730,,,,
804,1729,Male,22.0,Marathi;Hindi;,Hindi;
805,1728,Male,30.0,Hindi;,Hindi;
806,1727,Male,20.0,Marathi;Hindi;,Marathi;Hindi;
807,1726,,,,
808,1725,,,,
809,1724,,,,
810,1723,,,,
811,1722,Female,38.0,Tamil;,Tamil;
812,1721,,,,
813,1720,Male,25.0,Telugu;Hindi;,Telugu;
814,1719,,,,
815,1718,,,,
816,1717,Female,20.0,Hindi;,Hindi;
817,1716,,,,
818,1715,Male,30.0,Marathi;,Marathi;
819,1714,,,,
820,1713,Female,21.0,Marathi;,Marathi;
821,1712,Female,21.0,Hindi;,Hindi;
822,1711,Female,34.0,Hindi;,Hindi;
823,1710,Male,38.0,Telugu;Marathi;Hindi;,Marathi;Hindi;
824,1709,,,,
825,1708,Female,35.0,Tamil;,Tamil;
826,1707,Male,19.0,Marathi;Hindi;,Marathi;Hindi;
827,1706,Male,19.0,Marathi;Hindi;,Marathi;Hindi;
828,1705,Male,22.0,Telugu;,Telugu;
829,1704,,,,
830,1703,Male,21.0,Telugu;,Telugu;
831,1702,Male,18.0,Marathi;Hindi;,Marathi;
832,1701,Male,21.0,Marathi;,Marathi;
833,1700,Female,21.0,Telugu;,Telugu;
834,1699,,,,
835,1698,Male,33.0,Marathi;Hindi;,Hindi;
836,1697,,,,
837,1696,Female,21.0,Telugu;,Telugu;
838,1695,Male,22.0,Marathi;Hindi;,Marathi;Hindi;
839,1694,Female,33.0,Hindi;,Hindi;
840,1693,Male,19.0,Marathi;Hindi;,Marathi;Hindi;
841,1692,,,,
842,1691,Female,21.0,Telugu;Hindi;,Hindi;
843,1690,,,,
844,1689,Female,20.0,Marathi;Hindi;,Hindi;
845,1688,,,,
846,1687,,,,
847,1686,Male,21.0,Telugu;,Telugu;
848,1685,,,,
849,1684,Female,21.0,Telugu;,Telugu;
850,1683,,,,
851,1682,Female,21.0,Telugu;,Telugu;
852,1681,Female,20.0,Telugu;,Telugu;
853,1680,Female,21.0,Telugu;,Telugu;
854,1679,Male,21.0,Telugu;,Telugu;
855,1678,Female,20.0,Telugu;,Telugu;
856,1677,,,,
857,1676,Female,20.0,Telugu;,Telugu;
858,1675,Female,21.0,Telugu;,Telugu;
859,1674,Female,21.0,Telugu;,Telugu;
860,1673,Female,20.0,Telugu;,Telugu;
861,1672,Female,22.0,Telugu;,Telugu;
862,1671,Female,22.0,Telugu;,Telugu;
863,1670,Female,21.0,Telugu;,Telugu;
864,1669,Female,22.0,Hindi;,Hindi;
865,1668,Female,21.0,Hindi;,Hindi;
866,1667,Female,20.0,Telugu;,Telugu;
867,1666,Female,21.0,Telugu;,Telugu;
868,1665,,,,
869,1664,Male,21.0,Telugu;,Telugu;
870,1663,Female,20.0,Telugu;Hindi;,Telugu;Hindi;
871,1662,Male,20.0,Hindi;,Hindi;
872,1661,Male,21.0,Hindi;,Hindi;
873,1660,Male,18.0,Hindi;,Hindi;
874,1659,Male,20.0,Telugu;,Telugu;
875,1658,,,,
876,1657,,,,
877,1656,Male,19.0,Hindi;,Hindi;
878,1655,,,,
879,1654,Female,21.0,Marathi;,Marathi;
880,1653,,,,
881,1652,,,,
882,1651,Female,35.0,Telugu;Hindi;,Telugu;Hindi;
883,1650,,,,
884,1649,Male,46.0,Marathi;,Marathi;
885,1648,Female,18.0,Marathi;Hindi;,Hindi;
886,1647,Female,21.0,Tamil;,Tamil;
887,1646,Male,42.0,Telugu;Marathi;Hindi;Tamil;,Telugu;Marathi;Hindi;Tamil;
888,1645,Male,19.0,Marathi;Hindi;,Marathi;
889,1644,,,,
890,1643,,,,
891,1642,Female,32.0,Hindi;,Hindi;
892,1641,Male,20.0,Hindi;,Hindi;
893,1640,Female,20.0,Hindi;,Hindi;
894,1639,,,,
895,1638,,,,
896,1637,Male,19.0,Tamil;,Tamil;
897,1636,,,,
898,1635,Female,21.0,Hindi;,Hindi;
899,1634,,,,
900,1633,Female,19.0,Telugu;Hindi;Tamil;,Telugu;Hindi;
901,1632,Male,19.0,Hindi;,Hindi;
902,1631,,,,
903,1630,Female,27.0,Tamil;,Tamil;
904,1629,Female,19.0,Hindi;,Hindi;
905,1628,,,,
906,1627,Male,19.0,Hindi;,Hindi;
907,1626,Male,19.0,Tamil;Hindi;,Tamil;
908,1625,Female,20.0,Hindi;,Hindi;
909,1624,Female,20.0,Marathi;Hindi;,Marathi;
910,1623,Male,19.0,Marathi;Hindi;,Marathi;
911,1622,Male,28.0,Tamil;,Tamil;
912,1621,Male,32.0,Tamil;,Tamil;
913,1620,Male,22.0,Marathi;,Marathi;
914,1619,Female,21.0,Tamil;Hindi;,Tamil;Hindi;
915,1618,Female,17.0,Tamil;,Tamil;
916,1617,Male,20.0,Marathi;Hindi;,Marathi;Hindi;
917,1616,Male,22.0,Marathi;Hindi;,Marathi;
918,1615,Male,21.0,Hindi;,Hindi;
919,1614,Male,18.0,Hindi;,Hindi;
920,1613,Male,30.0,Telugu;,Telugu;
921,1612,Female,20.0,Hindi;,Hindi;
922,1611,Male,20.0,Marathi;,Marathi;
923,1610,Male,18.0,Hindi;,Hindi;
924,1609,Female,19.0,Marathi;,Marathi;
925,1608,,,,
926,1607,Male,22.0,Marathi;,
927,1606,,,,
928,1605,Male,21.0,Hindi;,Hindi;
929,1604,,,,
930,1603,Female,20.0,Hindi;,Hindi;
931,1602,,,,
932,1601,,,,
933,1600,Male,45.0,Hindi;,Hindi;
934,1599,,,,
935,1598,,,,
936,1597,Male,19.0,Hindi;,Hindi;
937,1596,Female,20.0,Hindi;,Hindi;
938,1595,,,,
939,1594,Male,22.0,Marathi;,Marathi;
940,1593,Male,20.0,Hindi;,Hindi;
941,1592,,,,
942,1591,,,,
943,1590,,,,
944,1589,,,,
945,1588,Male,18.0,Telugu;Hindi;,Telugu;
946,1587,Male,21.0,Marathi;Hindi;,Marathi;Hindi;
947,1586,Male,19.0,Marathi;Hindi;,Marathi;Hindi;
948,1585,,,,
949,1584,Female,19.0,Marathi;Hindi;,Marathi;
950,1583,,,,
951,1582,Female,24.0,Hindi;Marathi;,Hindi;Marathi;
952,1581,,,,
953,1580,Male,19.0,Hindi;,Hindi;
954,1579,Male,25.0,Hindi;,Hindi;
955,1578,,,,
956,1577,Female,24.0,Marathi;Hindi;,Marathi;
957,1576,Female,19.0,Marathi;Hindi;,Marathi;
958,1575,,,,
959,1574,Male,22.0,Hindi;,Hindi;
960,1573,,,,
961,1572,Male,22.0,Hindi;,Hindi;
962,1571,Female,39.0,Marathi;Hindi;,Marathi;
963,1570,Male,21.0,Marathi;Hindi;,Marathi;Hindi;
964,1569,Male,21.0,Telugu;Hindi;,Telugu;Hindi;
965,1568,,,,
966,1567,,,,
967,1566,Male,19.0,Marathi;Hindi;,Marathi;
968,1565,,,,
969,1564,Male,21.0,Hindi;,Hindi;
970,1563,Male,19.0,Tamil;,Tamil;
971,1562,Female,20.0,Hindi;,Hindi;
972,1561,Male,18.0,Hindi;,Hindi;
973,1560,Female,19.0,Hindi;,Hindi;
974,1559,,,,
975,1558,,,,
976,1557,,,,
977,1556,Male,19.0,Tamil;,Tamil;
978,1555,Female,25.0,Marathi;Hindi;,Marathi;Hindi;
979,1554,,,,
980,1553,,,,
981,1552,Male,17.0,Hindi;,Hindi;
982,1551,Male,18.0,Telugu;,Telugu;
983,1550,,,,
984,1549,Female,47.0,Telugu;,Telugu;
985,1548,Female,19.0,Marathi;,Marathi;
986,1547,,,,
987,1546,,,,
988,1545,Female,19.0,Marathi;Hindi;,Marathi;Hindi;
989,1544,,,,
990,1543,,,,
991,1542,,,,
992,1541,Male,20.0,Hindi;,Hindi;
993,1540,Female,19.0,Hindi;,Hindi;
994,1539,,,,
995,1538,,,,
996,1537,,,,
997,1536,Male,21.0,Hindi;,Hindi;
998,1535,Male,20.0,Telugu;Marathi;Tamil;Hindi;,Marathi;Hindi;
999,1534,Male,19.0,Hindi;,Hindi;
1000,1533,Male,25.0,Hindi;,Hindi;
1001,1532,Female,20.0,Marathi;Hindi;,Marathi;Hindi;
1002,1531,,,,
1003,1530,Female,21.0,Marathi;,
1004,1529,Male,20.0,Tamil;,Tamil;
1005,1528,Male,29.0,Hindi;,Hindi;
1006,1527,,,,
1007,1526,Female,19.0,Tamil;,Tamil;
1008,1525,Male,18.0,Tamil;,Tamil;
1009,1524,,,,
1010,1523,Female,20.0,Tamil;,Tamil;
1011,1522,,,,
1012,1521,,,,
1013,1520,Female,19.0,,
1014,1519,,,,
1015,1518,Male,45.0,Marathi;,Marathi;
1016,1517,,,,
1017,1516,Male,19.0,Marathi;Hindi;,Marathi;Hindi;
1018,1515,Male,21.0,Marathi;Hindi;,Marathi;Hindi;
1019,1514,Female,22.0,Marathi;,
1020,1513,,,,
1021,1512,Male,21.0,Hindi;,Hindi;
1022,1511,,,,
1023,1510,,,,
1024,1509,Female,20.0,Hindi;,Hindi;
1025,1508,,,Telugu;,Telugu;
1026,1507,Male,19.0,Marathi;Hindi;,Marathi;Hindi;
1027,1506,,,,
1028,1505,Male,19.0,Marathi;,Marathi;
1029,1504,Male,18.0,Marathi;Hindi;,Marathi;Hindi;
1030,1503,,,,
1031,1502,Female,20.0,Telugu;Hindi;,Telugu;
1032,1501,,,,
1033,1500,Female,20.0,Hindi;,Hindi;
1034,1499,,,,
1035,1498,,,,
1036,1497,,,,
1037,1496,Female,38.0,Tamil;,Tamil;
1038,1495,,,,
1039,1494,,,,
1040,1493,Male,21.0,Hindi;,Hindi;
1041,1492,Male,20.0,Hindi;,Hindi;
1042,1491,Male,18.0,Marathi;,Marathi;
1043,1490,,,,
1044,1489,,,,
1045,1488,Female,19.0,Marathi;Hindi;,Hindi;
1046,1487,Female,21.0,Tamil;,Tamil;
1047,1486,,,,
1048,1485,,,,
1049,1484,Male,18.0,Marathi;Hindi;,Marathi;
1050,1483,,,,
1051,1482,,,,
1052,1481,,,,
1053,1480,Male,20.0,Marathi;,Marathi;
1054,1479,,,,
1055,1478,,,,
1056,1477,,,,
1057,1476,Female,35.0,Telugu;Hindi;,Telugu;
1058,1475,Male,21.0,Hindi;,Hindi;
1059,1474,Male,18.0,Hindi;,Hindi;
1060,1473,Female,20.0,Tamil;,Tamil;
1061,1472,Female,21.0,Telugu;,Telugu;
1062,1471,Male,23.0,Marathi;,Marathi;
1063,1470,Male,18.0,Telugu;,Telugu;
1064,1469,Female,18.0,Marathi;Hindi;,Hindi;
1065,1468,,,,
1066,1467,,,,
1067,1466,,,,
1068,1465,Male,19.0,Hindi;,Hindi;
1069,1464,Male,19.0,Tamil;,Tamil;
1070,1463,Female,20.0,Marathi;,Marathi;
1071,1462,Female,20.0,Hindi;,Hindi;
1072,1461,Male,18.0,Marathi;Hindi;,Marathi;Hindi;
1073,1460,,,,
1074,1459,,,,
1075,1458,,,,
1076,1457,,,,
1077,1456,,,,
1078,1455,Male,19.0,Hindi;,Hindi;
1079,1454,,,,
1080,1453,Male,22.0,Marathi;,Marathi;
1081,1452,Male,19.0,Tamil;,Tamil;
1082,1451,Female,19.0,Tamil;Hindi;Marathi;Telugu;,Tamil;Hindi;Marathi;Telugu;
1083,1450,Male,20.0,Hindi;Tamil;,Hindi;Tamil;
1084,1449,Female,22.0,Marathi;Hindi;,Marathi;Hindi;
1085,1448,Male,22.0,Marathi;,Marathi;
1086,1447,Female,19.0,Marathi;Hindi;,Marathi;
1087,1446,Male,20.0,,
1088,1445,,,,
1089,1444,Male,24.0,Marathi;,Marathi;
1090,1443,Male,21.0,Marathi;Hindi;,Marathi;Hindi;
1091,1442,,,,
1092,1441,,,,
1093,1440,Male,21.0,Marathi;Hindi;,Marathi;Hindi;
1094,1439,,,,
1095,1438,Female,35.0,Telugu;Hindi;,Telugu;Hindi;
1096,1437,,,,
1097,1436,Male,40.0,Telugu;,Telugu;
1098,1435,Male,21.0,Marathi;,Marathi;
1099,1434,,,,
1100,1433,Female,24.0,Marathi;Hindi;,Marathi;Hindi;
1101,1432,,,,
1102,1431,,,,
1103,1430,Male,40.0,Hindi;,Hindi;
1104,1429,,,,
1105,1428,Female,21.0,Hindi;,Hindi;
1106,1427,,,,
1107,1426,Male,20.0,Hindi;,Hindi;
1108,1425,Female,18.0,Tamil;,Tamil;
1109,1424,Male,19.0,Marathi;Hindi;,Marathi;Hindi;
1110,1423,Female,20.0,Marathi;Hindi;,Marathi;Hindi;
1111,1422,Female,41.0,Marathi;,Marathi;
1112,1421,Male,46.0,Marathi;Hindi;,Marathi;
1113,1420,,,,
1114,1419,Male,32.0,Hindi;,Hindi;
1115,1418,Female,22.0,Marathi;,Marathi;
1116,1417,,,,
1117,1416,Female,19.0,Telugu;,Telugu;
1118,1415,,,,
1119,1414,,,,
1120,1413,,,,
1121,1412,,,,
1122,1411,Female,23.0,Marathi;,Marathi;
1123,1410,,,,
1124,1409,Male,20.0,Marathi;,Marathi;
1125,1408,Male,17.0,Hindi;,Hindi;
1126,1407,Female,20.0,Marathi;,Marathi;
1127,1406,Female,19.0,Marathi;Hindi;,Marathi;
1128,1405,,,,
1129,1404,Male,20.0,Telugu;,Telugu;
1130,1403,,,,
1131,1402,Male,17.0,Marathi;Hindi;,Marathi;
1132,1401,,,,
1133,1400,Female,20.0,Telugu;Marathi;Hindi;,Telugu;Hindi;
1134,1399,Male,18.0,Marathi;Hindi;,Marathi;Hindi;
1135,1398,Male,20.0,Hindi;,Hindi;
1136,1397,,,,
1137,1396,Male,21.0,Marathi;,Marathi;
1138,1395,,,,
1139,1394,,,,
1140,1393,Male,21.0,Hindi;,Hindi;
1141,1392,Male,20.0,Marathi;Hindi;,Marathi;Hindi;
1142,1391,Male,18.0,Marathi;,Marathi;
1143,1390,Male,21.0,Marathi;Hindi;,Marathi;Hindi;
1144,1389,Female,42.0,Tamil;,Tamil;
1145,1388,,,,
1146,1387,,,,
1147,1386,Male,21.0,Marathi;Hindi;,Marathi;Hindi;
1148,1385,Male,18.0,Marathi;Hindi;,Marathi;Hindi;
1149,1384,Female,39.0,Marathi;,Marathi;
1150,1383,Male,35.0,Marathi;,Marathi;
1151,1382,Female,20.0,Marathi;Hindi;,Marathi;
1152,1381,Male,19.0,Hindi;,Hindi;
1153,1380,Female,21.0,Marathi;,Marathi;
1154,1379,,,,
1155,1378,Male,18.0,Telugu;Hindi;,Telugu;
1156,1377,,,,
1157,1376,,,,
1158,1375,,,,
1159,1374,Male,33.0,Hindi;,Hindi;
1160,1373,Female,19.0,Tamil;,Tamil;
1161,1372,Male,21.0,Telugu;,Telugu;
1162,1371,Female,21.0,Hindi;,Hindi;
1163,1370,Male,20.0,Hindi;,Hindi;
1164,1369,Female,31.0,Hindi;,Hindi;
1165,1368,Male,21.0,Marathi;,Marathi;
1166,1367,Male,22.0,Telugu;,Telugu;
1167,1366,Male,20.0,Marathi;Hindi;,Marathi;Hindi;
1168,1365,Male,22.0,Hindi;,Hindi;
1169,1364,,,,
1170,1363,,,,
1171,1362,,,,
1172,1361,Male,20.0,Marathi;,Marathi;
1173,1360,Male,18.0,Hindi;,Hindi;
1174,1359,Male,19.0,Hindi;,Hindi;
1175,1358,,,,
1176,1357,Male,22.0,Telugu;,Telugu;
1177,1356,Male,18.0,Hindi;,Hindi;
1178,1355,Male,20.0,Telugu;,Telugu;
1179,1354,,,,
1180,1353,Female,19.0,Tamil;,Tamil;
1181,1352,Female,19.0,Marathi;Hindi;,Marathi;
1182,1351,Male,23.0,Telugu;,Telugu;
1183,1350,Male,20.0,Telugu;,
1184,1349,Male,21.0,Telugu;,Telugu;
1185,1348,Female,42.0,Marathi;Hindi;,Marathi;Hindi;
1186,1347,Female,21.0,Marathi;,Marathi;
1187,1346,,,,
1188,1345,,,,
1189,1344,Male,19.0,Telugu;,Telugu;
1190,1343,,,Hindi;,Hindi;
1191,1342,Female,35.0,Tamil;,Tamil;
1192,1341,Male,19.0,Telugu;,Telugu;
1193,1340,Female,20.0,Marathi;Hindi;,Marathi;
1194,1339,,,,
1195,1338,Female,22.0,Marathi;Hindi;,Hindi;
1196,1337,Female,22.0,Tamil;,Tamil;
1197,1336,Male,20.0,Marathi;Hindi;,Marathi;Hindi;
1198,1335,,,,
1199,1334,Male,21.0,Hindi;,Hindi;
1200,1333,,,,
1201,1332,Female,21.0,Marathi;Hindi;,Marathi;
1202,1331,,,,
1203,1330,Male,39.0,Hindi;,Hindi;
1204,1329,Female,17.0,Hindi;,Hindi;
1205,1328,,,,
1206,1327,,,,
1207,1326,,,,
1208,1325,Male,21.0,Hindi;,Hindi;
1209,1324,Male,21.0,Marathi;Hindi;,Marathi;Hindi;
1210,1323,Female,18.0,Tamil;,Tamil;
1211,1322,Female,19.0,Tamil;,
1212,1321,Female,19.0,Hindi;Tamil;,Tamil;
1213,1320,Female,19.0,,
1214,1319,Female,19.0,Tamil;,Tamil;
1215,1318,,,,
1216,1317,,,,
1217,1316,,,,
1218,1315,Female,21.0,Marathi;Hindi;,Marathi;Hindi;
1219,1314,,,,
1220,1313,Female,19.0,Tamil;,Tamil;
1221,1312,Female,19.0,Marathi;,Marathi;
1222,1311,,,,
1223,1310,Male,20.0,Telugu;,Telugu;
1224,1309,,,,
1225,1308,,,,
1226,1307,Male,20.0,Hindi;Tamil;,Tamil;
1227,1306,Female,60.0,Marathi;,Marathi;
1228,1305,,,,
1229,1304,Male,20.0,Tamil;,Tamil;
1230,1303,Male,19.0,Tamil;,Tamil;
1231,1302,,,Tamil;,Tamil;
1232,1301,Female,19.0,Tamil;,Tamil;
1233,1300,,,,
1234,1299,Male,19.0,Tamil;,Tamil;
1235,1298,,,Tamil;,Tamil;
1236,1297,,,,
1237,1296,Female,19.0,Tamil;,Tamil;
1238,1295,Male,19.0,Tamil;,Tamil;
1239,1294,Male,20.0,Marathi;Hindi;,Marathi;
1240,1293,Female,20.0,Marathi;,Marathi;
1241,1292,Male,21.0,Hindi;,Hindi;
1242,1291,,,,
1243,1290,,,,
1244,1289,,,,
1245,1288,,,,
1246,1287,Female,18.0,Hindi;,Hindi;
1247,1286,Female,21.0,Hindi;,Hindi;
1248,1285,,,,
1249,1284,,,,
1250,1283,,,,
1251,1282,Male,21.0,Hindi;,Hindi;
1252,1281,Male,18.0,Hindi;,Hindi;
1253,1280,,,,
1254,1279,Male,20.0,Telugu;,Telugu;
1255,1278,,,,
1256,1277,Female,18.0,Hindi;,Hindi;
1257,1276,Female,17.0,Hindi;,Hindi;
1258,1275,,,,
1259,1274,,,,
1260,1273,,,,
1261,1272,Female,36.0,Hindi;,Hindi;
1262,1271,,,,
1263,1270,Male,20.0,Marathi;Hindi;,Marathi;Hindi;
1264,1269,,,Marathi;Hindi;,Marathi;
1265,1268,Male,34.0,Marathi;Hindi;,Marathi;Hindi;
1266,1267,Female,22.0,Hindi;,Hindi;
1267,1266,Male,22.0,Hindi;,Hindi;
1268,1265,Female,17.0,Hindi;,Hindi;
1269,1264,Male,20.0,Tamil;,Tamil;
1270,1263,Male,22.0,Marathi;,Marathi;
1271,1262,Male,21.0,Hindi;,Hindi;
1272,1261,Male,24.0,Marathi;Hindi;,Hindi;
1273,1260,Female,19.0,Hindi;,Hindi;
1274,1259,Female,35.0,Marathi;,Marathi;
1275,1258,Female,29.0,Marathi;Hindi;,Marathi;Hindi;
1276,1257,Male,26.0,Tamil;,Tamil;
1277,1256,,,,
1278,1255,Male,10.0,Hindi;,Hindi;
1279,1254,Male,19.0,Hindi;,Hindi;
1280,1253,,,,
1281,1252,,,,
1282,1251,Male,18.0,Hindi;,Hindi;
1283,1250,Male,18.0,Hindi;,Hindi;
1284,1249,Male,17.0,Hindi;,Hindi;
1285,1248,,,,
1286,1247,Male,19.0,Marathi;,Marathi;
1287,1246,Female,18.0,Hindi;,Hindi;
1288,1245,Male,21.0,Marathi;Hindi;,Marathi;
1289,1244,,,,
1290,1243,,,,
1291,1242,Female,21.0,Hindi;,Hindi;
1292,1241,Male,32.0,Hindi;Marathi;,Hindi;Marathi;
1293,1240,Female,20.0,Tamil;,Tamil;
1294,1239,Male,36.0,Tamil;,Tamil;
1295,1238,Female,20.0,Hindi;,Hindi;
1296,1237,Male,19.0,Marathi;,Marathi;
1297,1236,Female,26.0,Marathi;,Marathi;
1298,1235,Male,18.0,Hindi;,Hindi;
1299,1234,Female,17.0,Hindi;,Hindi;
1300,1233,Female,17.0,Hindi;,Hindi;
1301,1232,,,,
1302,1231,Male,19.0,Hindi;,Hindi;
1303,1230,,,,
1304,1229,Female,17.0,Hindi;,Hindi;
1305,1228,Male,17.0,Hindi;,Hindi;
1306,1227,,,,
1307,1226,Male,18.0,Marathi;Hindi;,Hindi;
1308,1225,Female,20.0,Marathi;,Marathi;
1309,1224,Male,19.0,Hindi;,Hindi;
1310,1223,Male,18.0,Hindi;,Hindi;
1311,1222,Male,18.0,Hindi;,Hindi;
1312,1221,Male,19.0,Hindi;,Hindi;
1313,1220,Female,20.0,Tamil;,Tamil;
1314,1219,Male,20.0,Marathi;Hindi;,Hindi;
1315,1218,,,,
1316,1217,Male,19.0,Tamil;,Tamil;
1317,1216,Male,19.0,Marathi;Hindi;,Marathi;
1318,1215,Male,20.0,Marathi;Hindi;,Marathi;
1319,1214,Male,21.0,Telugu;,Telugu;
1320,1213,Male,20.0,Marathi;,Marathi;
1321,1212,Male,20.0,Marathi;,Marathi;
1322,1211,Female,34.0,Tamil;,Tamil;
1323,1210,,,,
1324,1209,Female,40.0,Marathi;Hindi;,Marathi;
1325,1208,Male,21.0,Hindi;,Hindi;
1326,1207,Male,19.0,Marathi;,Marathi;
1327,1206,Female,19.0,Marathi;,Marathi;
1328,1205,Male,20.0,Marathi;Hindi;,Marathi;Hindi;
1329,1204,Male,20.0,Marathi;Hindi;,Marathi;Hindi;
1330,1203,,,,
1331,1202,Male,21.0,Hindi;,Hindi;
1332,1201,Female,21.0,Hindi;,Hindi;
1333,1200,Female,20.0,Marathi;,Marathi;
1334,1199,,,,
1335,1198,Female,19.0,Marathi;,Marathi;
1336,1197,Female,20.0,Marathi;,Marathi;
1337,1196,Female,18.0,Marathi;,Marathi;
1338,1195,Female,19.0,Marathi;,Marathi;
1339,1194,,,,
1340,1193,Male,29.0,Hindi;,Hindi;
1341,1192,Male,19.0,Hindi;,Hindi;
1342,1191,Male,19.0,Hindi;,Hindi;
1343,1190,,,,
1344,1189,Male,37.0,Tamil;,Tamil;
1345,1188,,,Marathi;,Marathi;
1346,1187,Male,20.0,Marathi;Hindi;,Marathi;Hindi;
1347,1186,Female,39.0,Marathi;,Marathi;
1348,1185,Male,19.0,Tamil;,Tamil;
1349,1184,Male,20.0,Marathi;,Marathi;
1350,1183,,,,
1351,1182,,,,
1352,1181,Male,28.0,Hindi;,Hindi;
1353,1180,Female,18.0,Telugu;,
1354,1179,,,,
1355,1178,,,,
1356,1177,Male,20.0,Hindi;,Hindi;
1357,1176,Female,22.0,Hindi;,Hindi;
1358,1175,,,,
1359,1174,Male,21.0,Marathi;Hindi;,Marathi;
1360,1173,,,,
1361,1172,Male,21.0,Marathi;Hindi;,Marathi;Hindi;
1362,1171,Male,18.0,Tamil;,Tamil;
1363,1170,Female,20.0,Hindi;,Hindi;
1364,1169,,,,
1365,1168,Male,18.0,Hindi;,Hindi;
1366,1167,Female,20.0,Tamil;,Tamil;
1367,1166,Female,21.0,Marathi;Hindi;,Marathi;Hindi;
1368,1165,Male,19.0,Telugu;,Telugu;
1369,1164,Male,20.0,Hindi;,Hindi;
1370,1163,Male,20.0,Hindi;,Hindi;
1371,1162,Male,18.0,Marathi;Hindi;,Marathi;
1372,1161,,,,
1373,1160,Male,38.0,Marathi;,Marathi;
1374,1159,Male,20.0,Tamil;,Tamil;
1375,1158,Male,22.0,Hindi;,Hindi;
1376,1157,,,,
1377,1156,Male,33.0,Telugu;,Telugu;
1378,1155,Male,24.0,Marathi;Hindi;,Marathi;
1379,1154,Male,18.0,Marathi;Hindi;,Marathi;Hindi;
1380,1153,,,,
1381,1152,Male,19.0,Telugu;,Telugu;
1382,1151,,,,
1383,1150,Male,38.0,Telugu;,Telugu;
1384,1149,Female,39.0,Tamil;,
1385,1148,Male,49.0,Tamil;,Tamil;
1386,1147,Female,22.0,Marathi;Hindi;,Marathi;
1387,1146,,,,
1388,1145,Male,39.0,Telugu;,Telugu;
1389,1144,Male,19.0,Marathi;,Marathi;
1390,1143,Male,34.0,Hindi;,Hindi;
1391,1142,Male,26.0,Hindi;,Hindi;
1392,1141,Male,34.0,Marathi;,Marathi;
1393,1140,,,,
1394,1139,Male,20.0,Marathi;Hindi;,Marathi;Hindi;
1395,1138,,,Tamil;,Tamil;
1396,1137,Female,18.0,Marathi;,Marathi;
1397,1136,,,,
1398,1135,Male,18.0,Telugu;Hindi;,Telugu;
1399,1134,,,,
1400,1133,,,,
1401,1132,Male,22.0,Telugu;,Telugu;
1402,1131,Female,40.0,Hindi;,Hindi;
1403,1130,Male,20.0,Hindi;,Hindi;
1404,1129,Male,20.0,Tamil;,Tamil;
1405,1128,,,,
1406,1127,,,,
1407,1126,,,,
1408,1125,Female,50.0,Hindi;,Hindi;
1409,1124,,,,
1410,1123,,,,
1411,1122,Female,18.0,Hindi;,Hindi;
1412,1121,Female,35.0,Marathi;,Marathi;
1413,1120,,,,
1414,1119,,,,
1415,1118,Male,34.0,Tamil;,Tamil;
1416,1117,Female,19.0,Hindi;,Hindi;
1417,1116,Male,19.0,Hindi;,Hindi;
1418,1115,,,,
1419,1114,Male,35.0,Marathi;,Marathi;
1420,1113,Male,21.0,Marathi;,Marathi;
1421,1112,Female,19.0,Marathi;Hindi;,Hindi;
1422,1111,,,,
1423,1110,Female,50.0,Marathi;,Marathi;
1424,1109,Male,20.0,Telugu;Hindi;,Telugu;Hindi;
1425,1108,Female,18.0,Marathi;Hindi;,Hindi;
1426,1107,Male,20.0,Tamil;,Tamil;
1427,1106,,,,
1428,1105,,,,
1429,1104,Male,39.0,Hindi;Marathi;,Hindi;Marathi;
1430,1103,,,,
1431,1102,Female,19.0,Marathi;Hindi;,Marathi;
1432,1101,Male,19.0,Hindi;,
1433,1100,Male,19.0,Marathi;Hindi;,Hindi;
1434,1099,Male,20.0,Hindi;,Hindi;
1435,1098,Female,24.0,Marathi;Hindi;,Marathi;Hindi;
1436,1097,,,,
1437,1096,Female,40.0,Hindi;,Hindi;
1438,1095,Male,20.0,Hindi;,Hindi;
1439,1094,,,,
1440,1093,Male,20.0,Hindi;,Hindi;
1441,1092,Male,38.0,Marathi;,Marathi;
1442,1091,Male,20.0,Marathi;,Marathi;
1443,1090,Female,40.0,Marathi;,Marathi;
1444,1089,Male,19.0,Telugu;Marathi;Hindi;,Telugu;Hindi;
1445,1088,Male,39.0,Hindi;,Hindi;
1446,1087,Female,19.0,Marathi;Hindi;,Marathi;Hindi;
1447,1086,,,,
1448,1085,,,,
1449,1084,,,,
1450,1083,,,,
1451,1082,,,,
1452,1081,,,,
1453,1080,Female,21.0,Tamil;,Tamil;
1454,1079,Male,35.0,Hindi;,Hindi;
1455,1078,,,,
1456,1077,Male,47.0,Hindi;,Hindi;
1457,1076,Male,20.0,Marathi;Hindi;,Marathi;
1458,1075,Male,18.0,Hindi;,Hindi;
1459,1074,Male,20.0,Hindi;,Hindi;
1460,1073,,,,
1461,1072,Male,20.0,Marathi;,Marathi;
1462,1071,Female,38.0,Marathi;Hindi;,Marathi;Hindi;
1463,1070,Male,21.0,Marathi;Hindi;,Marathi;Hindi;
1464,1069,Female,21.0,Tamil;,Tamil;
1465,1068,Female,21.0,Marathi;Hindi;,Marathi;Hindi;
1466,1067,,,,
1467,1066,Male,21.0,Telugu;,Telugu;
1468,1065,Female,35.0,Hindi;Marathi;,Hindi;Marathi;
1469,1064,,,,
1470,1063,Male,33.0,Tamil;,Tamil;
1471,1062,Male,22.0,Hindi;,Hindi;
1472,1061,Female,20.0,Marathi;,Marathi;
1473,1060,Male,22.0,Hindi;,Hindi;
1474,1059,Male,33.0,Telugu;,Telugu;
1475,1058,Male,18.0,Telugu;Hindi;,Telugu;Hindi;
1476,1057,Male,22.0,Hindi;,Hindi;
1477,1056,Male,23.0,Marathi;Hindi;,Marathi;Hindi;
1478,1055,Female,19.0,Marathi;Hindi;,Marathi;Hindi;
1479,1054,Male,19.0,Telugu;Hindi;,Telugu;
1480,1053,,,,
1481,1052,Male,21.0,Marathi;Hindi;,Marathi;
1482,1051,,,,
1483,1050,,,,
1484,1049,,,,
1485,1048,,,,
1486,1047,,,,
1487,1046,Male,40.0,Tamil;,Tamil;
1488,1045,Male,20.0,Marathi;Hindi;,Marathi;
1489,1044,Female,41.0,Marathi;,Marathi;
1490,1043,Male,20.0,Hindi;,Hindi;
1491,1042,,,,
1492,1041,Male,18.0,Hindi;,Hindi;
1493,1040,,,,
1494,1039,,,,
1495,1038,,,,
1496,1037,Male,20.0,Hindi;,Hindi;
1497,1036,,,,
1498,1035,Female,20.0,Hindi;,Hindi;
1499,1034,,,,
1500,1033,,,,
1501,1032,,,,
1502,1031,,,,
1503,1030,,,,
1504,1029,,,,
1505,1028,,,,
1506,1027,Male,21.0,Hindi;Marathi;,Hindi;Marathi;
1507,1026,Male,23.0,Hindi;,Hindi;
1508,1025,,,,
1509,1024,Male,18.0,Marathi;Hindi;,Marathi;
1510,1023,Female,20.0,Marathi;Hindi;,Marathi;Hindi;
1511,1022,Female,19.0,Marathi;Hindi;,Marathi;Hindi;
1512,1021,Male,23.0,Marathi;,Marathi;
1513,1020,Female,48.0,Marathi;,Marathi;
1514,1019,Male,45.0,Hindi;,Hindi;
1515,1018,Female,19.0,Marathi;Hindi;,Marathi;Hindi;
1516,1017,,,,
1517,1016,,,,
1518,1015,Female,20.0,Marathi;,Marathi;
1519,1014,Male,18.0,Marathi;Hindi;,Marathi;Hindi;
1520,1013,Female,24.0,Telugu;,Telugu;
1521,1012,,,,
1522,1011,,,,
1523,1010,Female,19.0,Hindi;,Hindi;
1524,1009,Female,21.0,Tamil;,Tamil;
1525,1008,,,,
1526,1007,,,,
1527,1006,Male,39.0,Marathi;,Marathi;
1528,1005,Female,35.0,Hindi;,Hindi;
1529,1004,Male,32.0,Marathi;Hindi;,Marathi;Hindi;
1530,1003,,,,
1531,1002,Female,22.0,Tamil;,Tamil;
1532,1001,,,,
1533,1000,Male,26.0,Hindi;,Hindi;
1534,999,Male,18.0,Hindi;,Hindi;
1535,998,Female,20.0,Telugu;Hindi;,Hindi;
1536,997,Male,22.0,Marathi;Hindi;,Marathi;
1537,996,,,,
1538,995,Female,22.0,,
1539,994,Female,26.0,Telugu;,Telugu;
1540,993,,,,
1541,992,Male,24.0,Telugu;,Telugu;
1542,991,,,,
1543,990,,,,
1544,989,Male,27.0,Telugu;,Telugu;
1545,988,,,,
1546,987,Male,19.0,Marathi;,Marathi;
1547,986,Female,19.0,Marathi;Hindi;,Marathi;Hindi;
1548,985,Female,18.0,Marathi;Hindi;,Marathi;
1549,984,Male,21.0,Marathi;Hindi;,Marathi;
1550,983,,,,
1551,982,,,,
1552,981,Male,19.0,Hindi;,Hindi;
1553,980,Female,21.0,Telugu;Hindi;,Telugu;Hindi;
1554,979,Male,20.0,Tamil;,Tamil;
1555,978,Male,20.0,Marathi;,Marathi;
1556,977,Male,19.0,Hindi;,Hindi;
1557,976,Male,22.0,Marathi;,Marathi;
1558,975,Female,27.0,Telugu;,Telugu;
1559,974,Male,20.0,Marathi;,Marathi;
1560,973,Male,17.0,Telugu;,Telugu;
1561,972,Male,18.0,Telugu;Marathi;Hindi;Tamil;,Hindi;
1562,971,Male,21.0,Telugu;Marathi;Tamil;Hindi;,Marathi;Hindi;
1563,970,Male,38.0,Marathi;,Marathi;
1564,969,Female,19.0,Marathi;Hindi;,Marathi;Hindi;
1565,968,Male,27.0,Hindi;,Hindi;
1566,967,Female,18.0,Hindi;,Hindi;
1567,966,Male,22.0,Marathi;,Marathi;
1568,965,Female,31.0,Tamil;,Tamil;
1569,964,Female,19.0,Marathi;,Marathi;
1570,963,Male,27.0,Marathi;Hindi;,Marathi;
1571,962,Female,19.0,Marathi;Hindi;,Marathi;Hindi;
1572,961,Male,29.0,Hindi;,Hindi;
1573,960,Male,25.0,Marathi;Hindi;,Marathi;Hindi;
1574,959,Male,35.0,Marathi;,Marathi;
1575,958,,,,
1576,957,Male,20.0,Marathi;Hindi;,Marathi;Hindi;
1577,956,Male,33.0,Tamil;,Tamil;
1578,955,Male,29.0,Telugu;,Telugu;
1579,954,Female,20.0,Hindi;Marathi;,Hindi;Marathi;
1580,953,,,,
1581,952,Male,17.0,Marathi;Hindi;,Marathi;
1582,951,Male,29.0,Hindi;,Hindi;
1583,950,Male,28.0,Tamil;,Tamil;
1584,949,Female,36.0,Marathi;Hindi;,Marathi;
1585,948,Male,21.0,Marathi;,Marathi;
1586,947,Male,35.0,Hindi;,Hindi;
1587,946,Male,40.0,Telugu;,Telugu;
1588,945,Male,34.0,Hindi;,Hindi;
1589,944,Male,38.0,Telugu;,Telugu;
1590,943,Female,19.0,Telugu;Hindi;,Telugu;Hindi;
1591,942,Male,22.0,Marathi;Hindi;,Marathi;Hindi;
1592,941,Male,33.0,Hindi;Tamil;,Hindi;
1593,940,Male,20.0,Hindi;,Hindi;
1594,939,Male,20.0,Hindi;,Hindi;
1595,938,Female,21.0,Hindi;Marathi;,Marathi;
1596,937,Male,20.0,Marathi;,Marathi;
1597,936,Male,20.0,Marathi;Hindi;,Marathi;
1598,935,Male,36.0,Marathi;,Marathi;
1599,934,Female,20.0,Marathi;Hindi;,Marathi;
1600,933,Male,22.0,Telugu;,Telugu;
1601,932,Female,20.0,Tamil;,Tamil;
1602,931,Female,20.0,Telugu;,Telugu;
1603,930,Male,19.0,Marathi;Hindi;,Marathi;Hindi;
1604,929,Female,20.0,Telugu;,Telugu;
1605,928,Male,19.0,Marathi;,Marathi;
1606,927,Male,27.0,Telugu;,Telugu;
1607,926,Male,19.0,Telugu;Hindi;,Telugu;Hindi;
1608,925,Female,19.0,Telugu;Hindi;,Telugu;Hindi;
1609,924,Male,32.0,Marathi;,Marathi;
1610,923,Male,35.0,Hindi;,Hindi;
1611,922,Male,50.0,Marathi;,Marathi;
1612,921,Male,21.0,Tamil;,Tamil;
1613,920,Male,30.0,Hindi;,Hindi;
1614,919,,,,
1615,918,Female,21.0,Tamil;,Tamil;
1616,917,Male,19.0,Telugu;,Telugu;
1617,916,Male,19.0,Telugu;Hindi;,Telugu;
1618,915,Male,33.0,Hindi;,Hindi;
1619,914,Male,21.0,Hindi;,Hindi;
1620,913,,,,
1621,912,Male,18.0,Tamil;,
1622,911,Male,28.0,Hindi;,Hindi;
1623,910,Male,46.0,Tamil;,Tamil;
1624,909,Female,36.0,Tamil;,Tamil;
1625,908,Male,18.0,Marathi;Hindi;,Hindi;
1626,907,,,,
1627,906,Female,28.0,Tamil;,Tamil;
1628,905,Male,30.0,Tamil;,Tamil;
1629,904,Female,20.0,Hindi;,Hindi;
1630,903,Male,19.0,,
1631,902,Male,30.0,Telugu;,Telugu;
1632,901,Male,19.0,Marathi;Hindi;,Marathi;Hindi;
1633,900,Male,21.0,Marathi;,Marathi;
1634,899,Male,32.0,Telugu;,Telugu;
1635,898,,,,
1636,897,Female,21.0,Hindi;,Hindi;
1637,896,Male,21.0,Hindi;,Hindi;
1638,895,Male,18.0,Tamil;,Tamil;
1639,894,Male,37.0,Hindi;,Hindi;
1640,893,Male,36.0,Marathi;,Marathi;
1641,892,Male,21.0,Hindi;,Hindi;
1642,891,Female,36.0,Hindi;,Hindi;
1643,890,Male,20.0,Tamil;,Tamil;
1644,889,Female,23.0,Tamil;,Tamil;
1645,888,Female,38.0,Marathi;,Marathi;
1646,887,Male,37.0,Hindi;,Hindi;
1647,886,,,,
1648,885,Male,39.0,Tamil;,Tamil;
1649,884,Female,50.0,Marathi;,Marathi;
1650,883,Male,35.0,Hindi;,Hindi;
1651,882,Female,25.0,Marathi;,Marathi;
1652,881,Male,29.0,Tamil;,Tamil;
1653,880,Female,21.0,Marathi;Hindi;,Marathi;
1654,879,Male,20.0,Hindi;,Hindi;
1655,878,Male,29.0,Tamil;,Tamil;
1656,877,Female,37.0,Hindi;,Hindi;
1657,876,Male,32.0,Hindi;,Hindi;
1658,875,Male,24.0,Telugu;Hindi;Tamil;,Tamil;
1659,874,Male,44.0,Marathi;,Marathi;
1660,873,Male,33.0,Hindi;,Hindi;
1661,872,Male,35.0,Hindi;,Hindi;
1662,871,Male,34.0,Hindi;,Hindi;
1663,870,Male,19.0,Marathi;,Marathi;
1664,869,Male,40.0,Tamil;,Tamil;
1665,868,Female,21.0,Hindi;,Hindi;
1666,867,Male,18.0,Marathi;,Marathi;
1667,866,Male,20.0,Tamil;,Tamil;
1668,865,Male,27.0,Hindi;,Hindi;
1669,864,Female,22.0,Hindi;,Hindi;
1670,863,Male,18.0,Marathi;Hindi;,Marathi;
1671,862,Male,40.0,Telugu;,
1672,861,Male,29.0,Tamil;,Tamil;
1673,860,Male,20.0,Hindi;,Hindi;
1674,859,Male,20.0,Marathi;Hindi;,Marathi;Hindi;
1675,858,Male,19.0,Hindi;,Hindi;
1676,857,Male,39.0,Tamil;,Tamil;
1677,856,Female,19.0,,
1678,855,Female,20.0,Marathi;Hindi;,Marathi;
1679,854,Male,21.0,Marathi;Hindi;,Marathi;
1680,853,Female,19.0,Telugu;Hindi;,Telugu;Hindi;
1681,852,,,,
1682,851,,,,
1683,850,Female,19.0,Hindi;,Hindi;
1684,849,,,,
1685,848,Male,28.0,Hindi;,Hindi;
1686,847,,,,
1687,846,,,,
1688,845,Female,35.0,Tamil;,Tamil;
1689,844,Male,29.0,Tamil;,Tamil;
1690,843,Male,22.0,Hindi;,Hindi;
1691,842,Female,19.0,Marathi;Hindi;,Hindi;
1692,841,Male,29.0,Tamil;,Tamil;
1693,840,,,,
1694,839,,,,
1695,838,Female,42.0,Marathi;Hindi;,Marathi;
1696,837,Male,20.0,Hindi;,Hindi;
1697,836,Female,19.0,Hindi;,Hindi;
1698,835,Male,29.0,Hindi;,Hindi;
1699,834,Male,19.0,Marathi;Hindi;,Hindi;
1700,833,Male,37.0,Telugu;,Telugu;
1701,832,,,,
1702,831,Male,22.0,Marathi;Hindi;,Marathi;
1703,830,,,,
1704,829,Male,19.0,Tamil;,Tamil;
1705,828,Male,30.0,Telugu;,Telugu;
1706,827,Male,18.0,Marathi;Hindi;,Marathi;
1707,826,Female,21.0,Hindi;,Hindi;
1708,825,Male,17.0,Marathi;,Marathi;
1709,824,Female,21.0,Hindi;,
1710,823,Male,18.0,Marathi;Hindi;,Marathi;Hindi;
1711,822,Female,18.0,Telugu;,Telugu;
1712,821,Male,20.0,Tamil;,Tamil;
1713,820,Male,19.0,Hindi;,Hindi;
1714,819,Female,19.0,Telugu;,
1715,818,Male,20.0,Marathi;Hindi;,Marathi;
1716,817,Female,20.0,Marathi;Hindi;,Marathi;Hindi;
1717,816,Male,20.0,Marathi;Hindi;,Marathi;Hindi;
1718,815,Female,20.0,Telugu;Hindi;,Telugu;
1719,814,Male,19.0,Marathi;Hindi;,Marathi;Hindi;
1720,813,Male,19.0,Telugu;,Telugu;
1721,812,Male,20.0,Tamil;,Tamil;
1722,811,Female,42.0,Marathi;,Marathi;
1723,810,Female,40.0,Telugu;,Telugu;
1724,809,Male,20.0,Marathi;Hindi;,Marathi;Hindi;
1725,808,Male,19.0,Hindi;,Hindi;
1726,807,,,,
1727,806,,,,
1728,805,Female,18.0,Tamil;,Tamil;
1729,804,Female,22.0,Hindi;,Hindi;
1730,803,Male,19.0,Hindi;,Hindi;
1731,802,Male,18.0,Marathi;Hindi;,Marathi;Hindi;
1732,801,Male,22.0,Hindi;,Hindi;
1733,800,Male,18.0,Hindi;,Hindi;
1734,799,Female,19.0,,
1735,798,Male,25.0,Marathi;Hindi;,Marathi;
1736,797,,,,
1737,796,Female,19.0,Hindi;,Hindi;
1738,795,Male,50.0,Hindi;,Hindi;
1739,794,Male,19.0,Hindi;Tamil;,Tamil;
1740,793,,,,
1741,792,Male,35.0,Hindi;,Hindi;
1742,791,Male,24.0,Tamil;,Tamil;
1743,790,,,,
1744,789,,,,
1745,788,,,,
1746,787,,,,
1747,786,Male,17.0,Marathi;Hindi;,Marathi;Hindi;
1748,785,Male,18.0,Hindi;,Hindi;
1749,784,,,,
1750,783,Male,18.0,Marathi;Hindi;,Marathi;
1751,782,Male,28.0,Marathi;,Marathi;
1752,781,,,,
1753,780,Male,38.0,,
1754,779,Male,23.0,Hindi;,Hindi;
1755,778,Female,26.0,Hindi;,Hindi;
1756,777,,,,
1757,776,Female,20.0,Hindi;Tamil;,Hindi;Tamil;
1758,775,Male,35.0,Telugu;,Telugu;
1759,774,Male,20.0,Hindi;,Hindi;
1760,773,Male,30.0,Hindi;Tamil;,Hindi;Tamil;
1761,772,Male,39.0,Tamil;,Tamil;
1762,771,Male,45.0,Tamil;,Tamil;
1763,770,,,,
1764,769,Female,20.0,Marathi;,Marathi;
1765,768,Male,19.0,Tamil;,Tamil;
1766,767,,,Marathi;Hindi;,Marathi;Hindi;
1767,766,Male,45.0,Hindi;,Hindi;
1768,765,Male,22.0,Hindi;,Hindi;
1769,764,,,,
1770,763,Male,20.0,Marathi;Hindi;,Marathi;Hindi;
1771,762,Male,19.0,Marathi;Hindi;,Marathi;Hindi;
1772,761,Female,23.0,Tamil;,Tamil;
1773,760,,,,
1774,759,Male,17.0,Telugu;,Telugu;
1775,758,Male,35.0,Telugu;,Telugu;
1776,757,Male,18.0,Marathi;Hindi;,Marathi;Hindi;
1777,756,Male,21.0,Telugu;,Telugu;
1778,755,Male,25.0,Hindi;,Hindi;
1779,754,Female,18.0,Hindi;,Hindi;
1780,753,Male,21.0,Telugu;,Telugu;
1781,752,Male,18.0,Hindi;,Hindi;
1782,751,Female,19.0,Marathi;,Marathi;
1783,750,Female,22.0,Marathi;Hindi;,Marathi;
1784,749,Male,28.0,Marathi;Hindi;,Marathi;Hindi;
1785,748,Female,18.0,Marathi;Hindi;,Marathi;
1786,747,Male,18.0,Marathi;Hindi;,Marathi;
1787,746,Male,17.0,Marathi;,Marathi;
1788,745,Male,20.0,Hindi;,Hindi;
1789,744,Female,21.0,Marathi;,
1790,743,Male,19.0,Marathi;Hindi;,Marathi;Hindi;
1791,742,Female,20.0,Hindi;,Hindi;
1792,741,Male,31.0,Marathi;,Marathi;
1793,740,Male,18.0,Marathi;Hindi;,Marathi;Hindi;
1794,739,Female,18.0,Hindi;Tamil;,Hindi;Tamil;
1795,738,Female,20.0,Marathi;,Marathi;
1796,737,Male,18.0,Marathi;Hindi;,Marathi;Hindi;
1797,736,Male,19.0,Marathi;Hindi;,Marathi;Hindi;
1798,735,Male,19.0,Marathi;Hindi;,Marathi;
1799,734,Male,18.0,Hindi;,Hindi;
1800,733,Female,19.0,Hindi;,Hindi;
1801,732,Female,20.0,Marathi;,Marathi;
1802,731,Male,35.0,Tamil;,Tamil;
1803,730,Male,27.0,Marathi;Hindi;,Marathi;Hindi;
1804,729,Female,19.0,Marathi;Hindi;,Marathi;Hindi;
1805,728,Female,19.0,Hindi;,Hindi;
1806,727,Female,19.0,Marathi;Hindi;,Hindi;
1807,726,Male,23.0,Marathi;Hindi;,Marathi;
1808,725,Male,27.0,Hindi;,Hindi;
1809,724,Female,20.0,Marathi;,Marathi;
1810,723,Female,19.0,Marathi;,Marathi;
1811,722,Female,20.0,Marathi;,Marathi;
1812,721,Male,40.0,Tamil;,Tamil;
1813,720,Male,18.0,Marathi;Hindi;,Marathi;
1814,719,Female,35.0,,
1815,718,Male,36.0,Tamil;,Tamil;
1816,717,Female,19.0,Marathi;Hindi;,Marathi;
1817,716,Female,20.0,Marathi;Hindi;,Marathi;
1818,715,Male,19.0,Telugu;Hindi;Tamil;,Telugu;Tamil;
1819,714,Male,18.0,Hindi;,Hindi;
1820,713,Female,19.0,Hindi;,Hindi;
1821,712,Male,33.0,Hindi;,Hindi;
1822,711,Female,30.0,Tamil;,Tamil;
1823,710,Female,20.0,Tamil;,Tamil;
1824,709,Male,33.0,Marathi;Hindi;,Marathi;
1825,708,Male,42.0,Marathi;,Marathi;
1826,707,Female,21.0,Marathi;Hindi;,Marathi;Hindi;
1827,706,Male,22.0,Tamil;,Tamil;
1828,705,Male,20.0,Hindi;,Hindi;
1829,704,Male,42.0,Hindi;,
1830,703,Female,24.0,Hindi;,Hindi;
1831,702,,,,
1832,701,Female,11.0,Hindi;,Hindi;
1833,700,Male,34.0,Tamil;,Tamil;
1834,699,Male,40.0,Hindi;,Hindi;
1835,698,Female,35.0,Hindi;,Hindi;
1836,697,,,Hindi;,
1837,696,Male,47.0,Hindi;,Hindi;
1838,695,Female,15.0,Hindi;,Hindi;
1839,694,Female,21.0,Marathi;,Marathi;
1840,693,Female,24.0,Telugu;Tamil;,Telugu;Tamil;
1841,692,Male,19.0,Telugu;Hindi;,Telugu;
1842,691,Male,21.0,Marathi;Hindi;,Marathi;Hindi;
1843,690,Female,39.0,Tamil;,Tamil;
1844,689,Male,34.0,Tamil;,
1845,688,Female,23.0,Marathi;Hindi;,Marathi;Hindi;
1846,687,Female,22.0,Marathi;Hindi;,Marathi;
1847,686,Male,33.0,Hindi;,Hindi;
1848,685,Male,21.0,Telugu;,Telugu;
1849,684,Female,45.0,Marathi;,Marathi;
1850,683,Male,33.0,Telugu;,Telugu;
1851,682,Male,19.0,Hindi;,Hindi;
1852,681,Female,20.0,Marathi;Hindi;,Marathi;
1853,680,Male,20.0,Tamil;,Tamil;
1854,679,Male,38.0,Tamil;,
1855,678,Male,23.0,Marathi;Hindi;,Marathi;
1856,677,Male,35.0,Tamil;,Tamil;
1857,676,Male,19.0,Telugu;,Telugu;
1858,675,Male,21.0,Hindi;,Hindi;
1859,674,Female,19.0,Hindi;,Hindi;
1860,673,Male,21.0,Tamil;,Tamil;
1861,672,Female,19.0,Hindi;,Hindi;
1862,671,Male,23.0,Marathi;Hindi;,Marathi;
1863,670,Female,19.0,Hindi;,Hindi;
1864,669,Male,19.0,Hindi;,Hindi;
1865,668,Male,19.0,Telugu;,Telugu;
1866,667,Female,20.0,Hindi;,Hindi;
1867,666,Female,22.0,Hindi;,Hindi;
1868,665,Female,20.0,Hindi;,Hindi;
1869,664,Male,19.0,Marathi;,Marathi;
1870,663,Male,29.0,Tamil;,Tamil;
1871,662,Male,18.0,Marathi;Hindi;,Hindi;
1872,661,Female,23.0,Marathi;,Marathi;
1873,660,Male,22.0,Marathi;Hindi;,Marathi;
1874,659,Male,21.0,Marathi;Hindi;,Marathi;
1875,658,Male,18.0,Marathi;Hindi;,Marathi;Hindi;
1876,657,Male,18.0,Marathi;Hindi;,Marathi;Hindi;
1877,656,Male,18.0,Marathi;Hindi;,Marathi;Hindi;
1878,655,Female,36.0,Telugu;,Telugu;
1879,654,Female,36.0,Tamil;,Tamil;
1880,653,Male,19.0,Hindi;,Hindi;
1881,652,Male,40.0,Telugu;Hindi;,Telugu;Hindi;
1882,651,Male,30.0,Hindi;,
1883,650,Male,18.0,Tamil;,Tamil;
1884,649,Male,20.0,Hindi;,Hindi;
1885,648,Male,20.0,Hindi;Tamil;,Tamil;
1886,647,Female,19.0,Tamil;,Tamil;
1887,646,Female,20.0,Tamil;,Tamil;
1888,645,Male,20.0,Hindi;,Hindi;
1889,644,Male,18.0,Hindi;,Hindi;
1890,643,Male,21.0,Telugu;Hindi;,Telugu;Hindi;
1891,642,Female,48.0,Telugu;,Telugu;
1892,641,Female,20.0,Telugu;,Telugu;
1893,640,Male,21.0,,
1894,639,Male,23.0,Tamil;,Tamil;
1895,638,Male,19.0,Tamil;,Tamil;
1896,637,Male,19.0,Hindi;,Hindi;
1897,636,Male,19.0,Hindi;,Hindi;
1898,635,Female,19.0,Marathi;Hindi;,Marathi;Hindi;
1899,634,Male,20.0,Marathi;Hindi;,Marathi;Hindi;
1900,633,Female,18.0,Hindi;,Hindi;
1901,632,Female,20.0,Tamil;,Tamil;
1902,631,Male,20.0,Tamil;,Tamil;
1903,630,Male,19.0,Hindi;,Hindi;
1904,629,Male,20.0,Hindi;,Hindi;
1905,628,Male,20.0,Marathi;,Marathi;
1906,627,Male,20.0,Tamil;,Tamil;
1907,626,Female,20.0,Tamil;,Tamil;
1908,625,Male,19.0,Tamil;,Tamil;
1909,624,Male,18.0,Tamil;,Tamil;
1910,623,Male,21.0,Hindi;,Hindi;
1911,622,Male,20.0,Tamil;,Tamil;
1912,621,Female,20.0,Hindi;,Hindi;
1913,620,Male,20.0,Tamil;,Tamil;
1914,619,Male,20.0,Telugu;,Telugu;
1915,618,,,,
1916,617,Male,23.0,Hindi;,Hindi;
1917,616,Male,21.0,Hindi;,Hindi;
1918,615,Male,22.0,Hindi;,Hindi;
1919,614,Female,40.0,Telugu;,Telugu;
1920,613,Female,20.0,Telugu;Hindi;Tamil;,Telugu;Hindi;
1921,612,Female,35.0,Tamil;,Tamil;
1922,611,Male,22.0,Hindi;,Hindi;
1923,610,Female,23.0,Hindi;,
1924,609,Male,22.0,Hindi;,Hindi;
1925,608,Male,35.0,Hindi;,Hindi;
1926,607,Male,23.0,Hindi;,
1927,606,Male,20.0,Marathi;Hindi;,Marathi;Hindi;
1928,605,Male,22.0,Hindi;,Hindi;
1929,604,,,,
1930,603,Male,24.0,Hindi;,Hindi;
1931,602,Male,31.0,Hindi;,Hindi;
1932,601,Male,25.0,Tamil;,Tamil;
1933,600,Male,25.0,Telugu;,Telugu;
1934,599,,,,
1935,598,Female,26.0,Marathi;Hindi;,Marathi;Hindi;
1936,597,,,Hindi;,Hindi;
1937,596,Female,22.0,Hindi;,Hindi;
1938,595,Female,22.0,Hindi;,Hindi;
1939,594,,,Hindi;,Hindi;
1940,593,Female,25.0,Tamil;,Tamil;
1941,592,,,,
1942,591,,,Telugu;,Telugu;
1943,590,Female,26.0,Hindi;,Hindi;
1944,589,,,Hindi;,Hindi;
1945,588,Male,22.0,Telugu;Hindi;,Telugu;
1946,587,,,,
1947,586,Male,22.0,Hindi;,Hindi;
1948,585,Male,51.0,Hindi;,
1949,584,Male,26.0,Hindi;,Hindi;
1950,583,Female,45.0,Hindi;,
1951,582,Male,23.0,Marathi;Hindi;,Marathi;Hindi;
1952,581,Female,23.0,Hindi;,Hindi;
1953,580,Female,25.0,Hindi;,Hindi;
1954,579,Female,24.0,Telugu;,Telugu;
1955,578,Male,24.0,Telugu;,Telugu;
1956,577,Female,22.0,Hindi;,Hindi;
1957,576,Male,19.0,Telugu;,Telugu;
1958,575,Female,21.0,Hindi;,Hindi;
1959,574,Male,38.0,Tamil;,
1960,573,Female,24.0,Hindi;,Hindi;
1961,572,Male,19.0,Hindi;,Hindi;
1962,571,,,Marathi;Hindi;,Marathi;Hindi;
1963,570,Male,24.0,Marathi;Hindi;,Marathi;Hindi;
1964,569,Male,25.0,Telugu;,Telugu;
1965,568,Female,28.0,Marathi;Hindi;,Marathi;Hindi;
1966,567,Male,25.0,Marathi;,Marathi;
1967,566,Male,24.0,Marathi;,Marathi;
1968,565,Male,19.0,Hindi;,Hindi;
1969,564,Female,32.0,Marathi;,Marathi;
1970,563,Female,28.0,Marathi;,Marathi;
1971,562,Male,24.0,Marathi;Hindi;,Marathi;Hindi;
1972,561,Male,18.0,Hindi;,Hindi;
1973,560,Male,18.0,Hindi;,Hindi;
1974,559,Male,22.0,Hindi;,Hindi;
1975,558,Male,23.0,Hindi;Tamil;,Hindi;
1976,557,Male,25.0,Marathi;Hindi;,Marathi;Hindi;
1977,556,Male,22.0,Hindi;,Hindi;
1978,555,,,,
1979,554,Male,24.0,Marathi;,Marathi;
1980,553,Female,25.0,Telugu;,Telugu;
1981,552,Male,22.0,Hindi;,Hindi;
1982,551,Male,18.0,Telugu;Hindi;,Telugu;
1983,550,Male,35.0,Marathi;,Marathi;
1984,549,Male,35.0,Telugu;,Telugu;
1985,548,Male,29.0,Marathi;,Marathi;
1986,547,Male,24.0,Hindi;,Hindi;
1987,546,Male,23.0,Hindi;,Hindi;
1988,545,Male,17.0,Telugu;,Telugu;
1989,544,Male,17.0,Telugu;,Telugu;
1990,543,Male,23.0,Hindi;,Hindi;
1991,542,Female,25.0,Hindi;,Hindi;
1992,541,Male,24.0,Hindi;,Hindi;
1993,540,Male,23.0,Marathi;Hindi;,Marathi;Hindi;
1994,539,Male,19.0,Hindi;Telugu;Marathi;Tamil;,Telugu;Marathi;Tamil;Hindi;
1995,538,Female,18.0,Telugu;,Telugu;
1996,537,Female,75.0,Marathi;Hindi;,Marathi;Hindi;
1997,536,Male,42.0,Marathi;Hindi;,Marathi;Hindi;
1998,535,Male,20.0,Hindi;,Hindi;
1999,534,Male,22.0,Hindi;,Hindi;
2000,533,Male,28.0,Hindi;,Hindi;
2001,532,Male,28.0,Marathi;Hindi;,Marathi;Hindi;
2002,531,Male,26.0,Hindi;,Hindi;
2003,530,Male,22.0,Marathi;Hindi;,Marathi;
2004,529,Male,28.0,Marathi;Hindi;,Marathi;Hindi;
2005,528,Male,34.0,Marathi;,Marathi;
2006,527,Male,21.0,Hindi;,Hindi;
2007,526,Male,21.0,Hindi;,Hindi;
2008,525,Male,25.0,Hindi;,Hindi;
2009,524,Male,29.0,Telugu;Hindi;,Hindi;
2010,523,Male,22.0,Telugu;Marathi;Hindi;Tamil;,Telugu;Marathi;Hindi;Tamil;
2011,522,Female,26.0,Marathi;Hindi;,Marathi;Hindi;
2012,521,Male,25.0,Hindi;,Hindi;
2013,520,Male,22.0,Tamil;,Tamil;
2014,519,Female,32.0,Hindi;,Hindi;
2015,518,Male,25.0,Marathi;,Marathi;
2016,517,Male,24.0,Hindi;,Hindi;
2017,516,Male,21.0,Hindi;,Hindi;
2018,515,Male,21.0,Marathi;,Marathi;
2019,514,Male,21.0,Telugu;Hindi;,Telugu;Hindi;
2020,513,Male,21.0,Hindi;,Hindi;
2021,512,Male,20.0,Hindi;,Hindi;
2022,511,Male,25.0,Hindi;,Hindi;
2023,510,Male,25.0,Marathi;,Marathi;
2024,509,Female,20.0,Telugu;,Telugu;
2025,508,Male,24.0,Marathi;Hindi;,Marathi;Hindi;
2026,507,Male,26.0,Telugu;,Telugu;
2027,506,Male,18.0,Hindi;,Hindi;
2028,505,Male,45.0,Tamil;,Tamil;
2029,504,Male,18.0,Telugu;Hindi;,Telugu;
2030,503,Male,21.0,,
2031,502,Male,22.0,Hindi;,Hindi;
2032,501,Male,24.0,Hindi;,Hindi;
2033,500,Male,25.0,Hindi;,Hindi;
2034,499,Male,29.0,Hindi;,Hindi;
2035,498,Male,18.0,Hindi;,Hindi;
2036,497,Male,19.0,Hindi;,Hindi;
2037,496,Male,36.0,Marathi;,Marathi;
2038,495,Female,17.0,Telugu;,Telugu;
2039,494,Male,20.0,Hindi;,Hindi;
2040,493,Male,18.0,Hindi;,Hindi;
2041,492,Male,47.0,Marathi;,Marathi;
2042,491,Male,25.0,Marathi;Hindi;,Marathi;Hindi;
2043,490,Male,45.0,Hindi;,Hindi;
2044,489,Male,18.0,Hindi;,Hindi;
2045,488,Male,17.0,Telugu;,Telugu;
2046,487,Male,19.0,Telugu;Hindi;,Telugu;
2047,486,Male,22.0,Hindi;,Hindi;
2048,485,Male,24.0,Hindi;,Hindi;
2049,484,Male,19.0,Marathi;Hindi;,Marathi;Hindi;
2050,483,Female,23.0,Hindi;,Hindi;
2051,482,Male,18.0,Hindi;,
2052,481,Male,20.0,Marathi;Hindi;,Hindi;
2053,480,Male,24.0,Hindi;,Hindi;
2054,479,Male,28.0,Hindi;,Hindi;
2055,478,Female,23.0,Marathi;Hindi;,Marathi;Hindi;
2056,477,Male,23.0,Hindi;,Hindi;
2057,476,Female,33.0,Marathi;,Marathi;
2058,475,Male,21.0,Hindi;,Hindi;
2059,474,Female,22.0,Hindi;,Hindi;
2060,473,Male,26.0,Hindi;,Hindi;
2061,472,Male,19.0,Marathi;Hindi;,Marathi;Hindi;
2062,471,Female,25.0,Tamil;,Tamil;
2063,470,,,,
2064,469,,,Hindi;,Hindi;
2065,468,,,,
2066,467,Female,25.0,Hindi;,Hindi;
2067,466,,,,
2068,465,,,,
2069,464,,,,
2070,463,,,,
2071,460,Male,21.0,Hindi;,Hindi;
2072,459,,,,
2073,458,,,,
2074,457,,,,
2075,456,,,,
2076,455,,,,
2077,454,,,,
2078,453,,,,
2079,452,,,,
2080,451,,,,
2081,450,,,,
2082,449,,,,
2083,448,,,,
2084,447,,,,
2085,446,,,,
2086,445,,,,
2087,444,,,,
2088,443,,,,
2089,442,,,,
2090,441,Male,23.0,Hindi;,Hindi;
2091,440,,,,
2092,439,,,,
2093,438,,,,
2094,437,,,,
2095,436,,,,
2096,435,,,,
2097,434,,,,
2098,433,,,,
2099,432,,,,
2100,431,,,,
2101,430,,,,
2102,429,,,,
2103,428,,,,
2104,427,,,,
2105,426,,,,
2106,425,,,,
2107,424,,,,
2108,423,,,,
2109,422,,,,
2110,421,,,,
2111,420,,,,
2112,419,,,,
2113,418,,,,
2114,417,,,,
2115,416,,,,
2116,415,,,,
2117,414,,,,
2118,413,,,,
2119,412,,,,
2120,411,,,,
2121,410,,,,
2122,409,,,,
2123,408,,,,
2124,407,,,,
2125,406,,,,
2126,405,,,,
2127,404,,,,
2128,403,,,,
2129,402,,,,
2130,401,,,,
2131,400,,,,
2132,399,,,,
2133,398,,,,
2134,397,,,,
2135,396,,,,
2136,395,,,,
2137,394,,,,
2138,393,,,,
2139,392,,,,
2140,391,,,,
2141,390,,,,
2142,389,,,,
2143,388,,,,
2144,387,,,,
2145,386,,,,
2146,385,,,,
2147,384,,,,
2148,383,,,,
2149,382,,,,
2150,381,,,,
2151,380,,,,
2152,379,,,,
2153,378,,,,
2154,377,,,,
2155,376,,,,
2156,375,,,,
2157,374,,,,
2158,373,,,,
2159,372,,,,
2160,371,,,,
2161,370,,,,
2162,369,,,,
2163,368,,,,
2164,367,,,,
2165,366,,,,
2166,365,,,,
2167,364,,,,
2168,363,,,,
2169,362,,,,
2170,361,,,,
2171,360,,,,
2172,359,,,,
2173,358,,,,
2174,357,,,,
2175,356,,,,
2176,355,,,,
2177,354,,,,
2178,353,,,,
2179,352,,,,
2180,351,,,,
2181,350,,,,
2182,349,,,,
2183,348,,,,
2184,347,,,,
2185,346,,,,
2186,345,,,,
2187,344,,,,
2188,343,,,,
2189,342,,,,
2190,341,,,,
2191,340,,,,
2192,339,,,,
2193,338,,,,
2194,337,,,,
2195,336,,,,
2196,335,,,,
2197,334,,,,
2198,333,,,,
2199,332,,,,
2200,331,,,,
2201,330,,,,
2202,329,,,,
2203,328,,,,
2204,327,,,,
2205,326,,,,
2206,325,,,,
2207,324,,,,
2208,323,,,,
2209,322,,,,
2210,321,,,,
2211,320,,,,
2212,319,,,,
2213,318,,,,
2214,317,,,,
2215,316,,,,
2216,315,,,,
2217,314,,,,
2218,313,,,,
2219,312,,,,
2220,311,,,,
2221,310,,,,
2222,309,,,,
2223,308,,,,
2224,307,,,,
2225,306,,,,
2226,305,,,,
2227,304,Male,27.0,,
2228,303,,,,
2229,302,,,,
2230,301,,,,
2231,300,,,,
2232,299,,,,
2233,298,,,,
2234,297,,,,
2235,296,,,,
2236,295,,,,
2237,294,,,,
2238,293,,,,
2239,292,,,,
2240,291,,,,
2241,290,,,,
2242,289,,,,
2243,288,,,,
2244,287,,,,
2245,286,,,,
2246,285,,,,
2247,284,,,,
2248,283,,,,
2249,282,,,,
2250,281,,,,
2251,280,,,,
2252,279,,,,
2253,278,,,,
2254,277,,,,
2255,276,,,,
2256,275,,,,
2257,274,,,,
2258,273,,,,
2259,272,,,,
2260,271,,,,
2261,270,,,,
2262,269,,,,
2263,268,,,,
2264,267,,,,
2265,266,,,,
2266,265,,,,
2267,264,,,,
2268,263,,,,
2269,262,,,,
2270,261,,,,
2271,260,,,,
2272,259,,,,
2273,258,,,,
2274,257,,,,
2275,256,,,,
2276,255,,,,
2277,254,,,,
2278,253,,,,
2279,252,,,,
2280,251,,,,
2281,250,,,,
2282,249,,,,
2283,248,,,,
2284,247,,,,
2285,246,,,,
2286,245,,,,
2287,244,,,,
2288,243,,,,
2289,242,,,,
2290,241,,,,
2291,240,,,,
2292,239,,,,
2293,238,,,,
2294,237,,,,
2295,236,,,,
2296,235,,,,
2297,234,,,,
2298,233,,,,
2299,232,,,,
2300,231,,,,
2301,230,,,,
2302,229,,,,
2303,228,,,,
2304,227,,,,
2305,226,,,,
2306,225,,,,
2307,224,,,,
2308,223,,,,
2309,222,,,,
2310,221,,,,
2311,220,,,,
2312,219,,,,
2313,218,,,,
2314,217,,,,
2315,216,,,,
2316,215,,,,
2317,214,,,,
2318,213,,,,
2319,212,,,,
2320,211,,,,
2321,210,,,,
2322,209,,,,
2323,208,,,,
2324,207,,,,
2325,206,,,,
2326,205,,,,
2327,204,,,,
2328,203,,,,
2329,202,,,,
2330,201,,,,
2331,200,,,,
2332,199,,,,
2333,198,,,,
2334,197,,,,
2335,196,,,,
2336,195,,,,
2337,194,,,,
2338,193,,,,
2339,192,,,,
2340,191,,,,
2341,190,,,,
2342,189,,,,
2343,188,,,,
2344,187,,,,
2345,186,,,,
2346,185,,,,
2347,184,,,,
2348,183,,,,
2349,182,,,,
2350,181,,,,
2351,180,,,,
2352,179,,,,
2353,178,,,,
2354,177,,,,
2355,176,,,,
2356,175,,,,
2357,174,,,,
2358,173,,,,
2359,172,,,,
2360,171,,,,
2361,170,,,,
2362,169,,,,
2363,168,,,,
2364,167,,,,
2365,166,,,,
2366,165,,,,
2367,164,,,,
2368,163,,,,
2369,162,,,,
2370,161,,,,
2371,160,,,,
2372,159,,,,
2373,158,,,,
2374,157,,,,
2375,156,,,,
2376,155,,,,
2377,154,,,,
2378,153,,,,
2379,152,,,,
2380,151,,,,
2381,150,,,,
2382,149,,,,
2383,148,,,,
2384,147,,,,
2385,146,,,,
2386,145,,,,
2387,144,,,,
2388,143,,,,
2389,142,,,,
2390,141,,,,
2391,140,,,,
2392,139,,,,
2393,138,,,,
2394,137,,,,
2395,136,,,,
2396,135,,,,
2397,134,,,,
2398,133,,,,
2399,132,,,,
2400,131,,,,
2401,130,,,,
2402,129,,,,
2403,128,,,,
2404,127,,,,
2405,126,,,,
2406,125,,,,
2407,124,,,,
2408,123,,,,
2409,122,,,,
2410,121,,,,
2411,120,,,,
2412,119,,,,
2413,118,,,,
2414,117,,,,
2415,116,,,,
2416,115,,,,
2417,114,,,,
2418,113,,,,
2419,112,,,,
2420,111,,,,
2421,110,,,,
2422,109,,,,
2423,108,,,,
2424,107,,,,
2425,106,,,,
2426,105,,,,
2427,104,,,,
2428,103,,,,
2429,102,,,,
2430,101,,,,
2431,100,,,,
2432,99,,,,
2433,98,,,,
2434,97,,,,
2435,96,,,,
2436,95,,,,
2437,94,,,,
2438,93,,,,
2439,92,,,,
2440,91,,,,
2441,90,,,,
2442,89,,,,
2443,88,,,,
2444,87,,,,
2445,86,,,,
2446,85,,,,
2447,84,,,,
2448,83,,,,
2449,82,,,,
2450,81,,,,
2451,80,,,,
2452,79,,,,
2453,78,,,,
2454,77,,,,
2455,76,,,,
2456,75,,,,
2457,74,,,,
2458,73,,,,
2459,72,,,,
2460,71,,,,
2461,70,,,,
2462,69,,,,
2463,68,,,,
2464,67,,,,
2465,66,Male,19.0,Hindi;,Hindi;
2466,65,Male,25.0,Hindi;,Hindi;
2467,64,,,,
2468,63,,,,
2469,62,,,,
2470,61,,,,
2471,60,,,,
2472,59,,,,
2473,58,,,,
2474,57,,,,
2475,56,,,,
2476,55,,,,
2477,54,,,,
2478,53,,,,
2479,52,,,,
2480,51,Male,45.0,,
2481,50,,,,
2482,49,,,,
2483,48,,,,
2484,47,,,,
2485,46,,,,
2486,36,,,,
2487,31,,,,
2488,30,,,,
2489,29,,,,
2490,28,,,,
2491,27,,,,
2492,26,,,,
2493,25,,,,
2494,24,,,,
2495,23,,,,
2496,22,,,,
2497,21,,,,
2498,20,,,,
2499,19,,,,
2500,18,,,,
2501,17,,,,
2502,16,,,,
2503,15,,,,
2504,14,,,,
2505,13,,,,
2506,12,,,,
2507,11,,,,
2508,10,,,,
2509,9,,,,
2510,8,,,,
2511,7,Female,40.0,Hindi;,
2512,6,Female,35.0,Hindi;,Hindi;
2513,5,,,,
2514,4,,,,
2515,3,,,,
2516,2,Male,24.0,Hindi;,Hindi;
